Gênesis;1;1;7;Genesis_0001_01.png
Gênesis;1;8;14;Genesis_0001_02.png
Gênesis;1;15;23;Genesis_0002_01.png
Gênesis;1;24;30;Genesis_0002_02.png
Gênesis;1;31;31;Genesis_0003_01.png
Gênesis;2;1;4;Genesis_0003_01_2.png
Gênesis;2;5;12;Genesis_0003_02.png
Gênesis;2;13;20;Genesis_0004_01.png
Gênesis;2;21;25;Genesis_0004_02.png
Gênesis;3;1;1;Genesis_0004_02_2.png
Gênesis;3;2;8;Genesis_0005_01.png
Gênesis;3;9;15;Genesis_0005_02.png
Gênesis;3;16;22;Genesis_0006_01.png
Gênesis;3;23;24;Genesis_0006_02.png
Gênesis;4;1;4;Genesis_0006_02_2.png
Gênesis;4;5;13;Genesis_0007_01.png
Gênesis;4;14;21;Genesis_0007_02.png
Gênesis;4;22;26;Genesis_0008_01.png
Gênesis;5;1;1;Genesis_0008_01_2.png
Gênesis;5;2;13;Genesis_0008_02.png
Gênesis;5;14;26;Genesis_0009_01.png
Gênesis;5;27;32;Genesis_0009_02.png
Gênesis;6;1;1;Genesis_0009_02_2.png
Gênesis;6;2;7;Genesis_0010_01.png
Gênesis;6;8;15;Genesis_0010_02.png
Gênesis;6;16;22;Genesis_0011_01.png
Gênesis;6;22;22;Genesis_0011_02.png
Gênesis;7;1;7;Genesis_0011_02_2.png
Gênesis;7;8;16;Genesis_0012_01.png
Gênesis;7;17;24;Genesis_0012_02.png
Gênesis;8;1;1;Genesis_0012_02_2.png
Gênesis;8;2;10;Genesis_0013_01.png
Gênesis;8;11;19;Genesis_0013_02.png
Gênesis;8;20;22;Genesis_0014_01.png
Gênesis;9;1;2;Genesis_0014_01_2.png
Gênesis;9;3;11;Genesis_0014_02.png
Gênesis;9;12;19;Genesis_0015_01.png
Gênesis;9;20;29;Genesis_0015_02.png
Gênesis;10;1;10;Genesis_0016_01.png
Gênesis;10;11;24;Genesis_0016_02.png
Gênesis;10;25;32;Genesis_0017_01.png
Gênesis;11;1;2;Genesis_0017_01_2.png
Gênesis;11;3;10;Genesis_0017_02.png
Gênesis;11;11;25;Genesis_0018_01.png
Gênesis;11;26;32;Genesis_0018_02.png
Gênesis;12;1;1;Genesis_0018_02_2.png
Gênesis;12;2;8;Genesis_0019_01.png
Gênesis;12;9;16;Genesis_0019_02.png
Gênesis;12;17;20;Genesis_0020_01.png
Gênesis;13;1;5;Genesis_0020_01_2.png
Gênesis;13;6;14;Genesis_0020_02.png
Gênesis;13;15;18;Genesis_0021_01.png
Gênesis;14;1;2;Genesis_0021_01_2.png
Gênesis;14;3;12;Genesis_0021_02.png
Gênesis;14;13;20;Genesis_0022_01.png
Gênesis;14;21;24;Genesis_0022_02.png
Gênesis;15;1;2;Genesis_0022_02_2.png
Gênesis;15;3;11;Genesis_0023_01.png
Gênesis;15;12;21;Genesis_0023_02.png
Gênesis;16;1;8;Genesis_0024_01.png
Gênesis;16;9;16;Genesis_0024_02.png
Gênesis;17;1;1;Genesis_0024_02_2.png
Gênesis;17;2;6;Genesis_0025_01.png
Gênesis;17;7;13;Genesis_0025_02.png
Gênesis;17;14;21;Genesis_0026_01.png
Gênesis;17;22;27;Genesis_0026_02.png
Gênesis;18;1;1;Genesis_0026_02_2.png
Gênesis;18;2;9;Genesis_0027_01.png
Gênesis;18;10;18;Genesis_0027_02.png
Gênesis;18;19;26;Genesis_0028_01.png
Gênesis;18;27;33;Genesis_0028_02.png
Gênesis;19;1;5;Genesis_0029_01.png
Gênesis;19;6;13;Genesis_0029_02.png
Gênesis;19;14;19;Genesis_0030_01.png
Gênesis;19;20;28;Genesis_0030_02.png
Gênesis;19;29;35;Genesis_0031_01.png
Gênesis;19;36;38;Genesis_0031_02.png
Gênesis;20;1;4;Genesis_0031_02_2.png
Gênesis;20;5;12;Genesis_0032_01.png
Gênesis;20;13;18;Genesis_0032_02.png
Gênesis;21;1;1;Genesis_0032_02_2.png
Gênesis;21;2;11;Genesis_0033_01.png
Gênesis;21;12;18;Genesis_0033_02.png
Gênesis;21;19;28;Genesis_0034_01.png
Gênesis;21;29;34;Genesis_0034_02.png
Gênesis;22;1;2;Genesis_0034_02_2.png
Gênesis;22;3;9;Genesis_0035_01.png
Gênesis;22;10;17;Genesis_0035_02.png
Gênesis;22;18;24;Genesis_0036_01.png
Gênesis;23;1;2;Genesis_0036_01_2.png
Gênesis;23;3;10;Genesis_0036_02.png
Gênesis;23;11;18;Genesis_0037_01.png
Gênesis;23;19;20;Genesis_0037_02.png
Gênesis;24;1;5;Genesis_0037_02_2.png
Gênesis;24;6;13;Genesis_0038_01.png
Gênesis;24;14;20;Genesis_0038_02.png
Gênesis;24;21;29;Genesis_0039_01.png
Gênesis;24;30;37;Genesis_0039_02.png
Gênesis;24;38;46;Genesis_0040_01.png
Gênesis;24;47;54;Genesis_0040_02.png
Gênesis;24;55;64;Genesis_0041_01.png
Gênesis;24;65;67;Genesis_0041_02.png
Gênesis;25;1;5;Genesis_0041_02_2.png
Gênesis;25;6;14;Genesis_0042_01.png
Gênesis;25;15;23;Genesis_0042_02.png
Gênesis;25;24;32;Genesis_0043_01.png
Gênesis;25;33;34;Genesis_0043_02.png
Gênesis;26;1;4;Genesis_0043_02_2.png
Gênesis;26;5;12;Genesis_0044_01.png
Gênesis;26;13;20;Genesis_0044_02.png
Gênesis;26;21;29;Genesis_0045_01.png
Gênesis;26;30;35;Genesis_0045_02.png
Gênesis;27;1;1;Genesis_0045_02_2.png
Gênesis;27;2;12;Genesis_0046_01.png
Gênesis;27;13;22;Genesis_0046_02.png
Gênesis;27;23;30;Genesis_0047_01.png
Gênesis;27;31;38;Genesis_0047_02.png
Gênesis;27;39;46;Genesis_0048_01.png
Gênesis;27;46;46;Genesis_0048_02.png
Gênesis;28;1;4;Genesis_0048_02_2.png
Gênesis;28;5;13;Genesis_0049_01.png
Gênesis;28;14;22;Genesis_0049_02.png
Gênesis;28;22;22;Genesis_0050_01.png
Gênesis;29;1;7;Genesis_0050_01_2.png
Gênesis;29;8;16;Genesis_0050_02.png
Gênesis;29;17;28;Genesis_0051_01.png
Gênesis;29;29;35;Genesis_0051_02.png
Gênesis;30;1;1;Genesis_0051_02_2.png
Gênesis;30;2;9;Genesis_0052_01.png
Gênesis;30;10;18;Genesis_0052_02.png
Gênesis;30;19;30;Genesis_0053_01.png
Gênesis;30;31;37;Genesis_0053_02.png
Gênesis;30;38;43;Genesis_0054_01.png
Gênesis;31;1;1;Genesis_0054_01_2.png
Gênesis;31;2;10;Genesis_0054_02.png
Gênesis;31;11;19;Genesis_0055_01.png
Gênesis;31;20;29;Genesis_0055_02.png
Gênesis;31;30;37;Genesis_0056_01.png
Gênesis;31;38;46;Genesis_0056_02.png
Gênesis;31;47;55;Genesis_0057_01.png
Gênesis;31;55;55;Genesis_0057_02.png
Gênesis;32;1;7;Genesis_0057_02_2.png
Gênesis;32;8;16;Genesis_0058_01.png
Gênesis;32;17;25;Genesis_0058_02.png
Gênesis;32;26;32;Genesis_0059_01.png
Gênesis;33;1;1;Genesis_0059_01_2.png
Gênesis;33;2;10;Genesis_0059_02.png
Gênesis;33;11;18;Genesis_0060_01.png
Gênesis;33;19;20;Genesis_0060_02.png
Gênesis;34;1;7;Genesis_0060_02_2.png
Gênesis;34;8;16;Genesis_0061_01.png
Gênesis;34;17;25;Genesis_0061_02.png
Gênesis;34;26;31;Genesis_0062_01.png
Gênesis;35;1;1;Genesis_0062_01_2.png
Gênesis;35;2;8;Genesis_0062_02.png
Gênesis;35;9;17;Genesis_0063_01.png
Gênesis;35;18;29;Genesis_0063_02.png
Gênesis;35;29;29;Genesis_0064_01.png
Gênesis;36;1;10;Genesis_0064_01_2.png
Gênesis;36;11;18;Genesis_0064_02.png
Gênesis;36;19;32;Genesis_0065_01.png
Gênesis;36;33;43;Genesis_0065_02.png
Gênesis;37;1;7;Genesis_0066_01.png
Gênesis;37;8;16;Genesis_0066_02.png
Gênesis;37;17;25;Genesis_0067_01.png
Gênesis;37;26;35;Genesis_0067_02.png
Gênesis;37;36;36;Genesis_0068_01.png
Gênesis;38;1;8;Genesis_0068_01_2.png
Gênesis;38;9;15;Genesis_0068_02.png
Gênesis;38;16;24;Genesis_0069_01.png
Gênesis;38;25;30;Genesis_0069_02.png
Gênesis;39;1;1;Genesis_0069_02_2.png
Gênesis;39;2;9;Genesis_0070_01.png
Gênesis;39;10;18;Genesis_0070_02.png
Gênesis;39;19;23;Genesis_0071_01.png
Gênesis;40;1;3;Genesis_0071_01_2.png
Gênesis;40;4;12;Genesis_0071_02.png
Gênesis;40;13;20;Genesis_0072_01.png
Gênesis;40;21;23;Genesis_0072_02.png
Gênesis;41;1;5;Genesis_0072_02_2.png
Gênesis;41;6;15;Genesis_0073_01.png
Gênesis;41;16;25;Genesis_0073_02.png
Gênesis;41;26;35;Genesis_0074_01.png
Gênesis;41;36;44;Genesis_0074_02.png
Gênesis;41;45;53;Genesis_0075_01.png
Gênesis;41;54;57;Genesis_0075_02.png
Gênesis;42;1;4;Genesis_0075_02_2.png
Gênesis;42;5;13;Genesis_0076_01.png
Gênesis;42;14;22;Genesis_0076_02.png
Gênesis;42;23;32;Genesis_0077_01.png
Gênesis;42;33;38;Genesis_0077_02.png
Gênesis;43;1;1;Genesis_0077_02_2.png
Gênesis;43;2;9;Genesis_0078_01.png
Gênesis;43;10;17;Genesis_0078_02.png
Gênesis;43;18;25;Genesis_0079_01.png
Gênesis;43;26;33;Genesis_0079_02.png
Gênesis;43;34;34;Genesis_0080_01.png
Gênesis;44;1;7;Genesis_0080_01_2.png
Gênesis;44;8;16;Genesis_0080_02.png
Gênesis;44;17;26;Genesis_0081_01.png
Gênesis;44;27;34;Genesis_0081_02.png
Gênesis;45;1;1;Genesis_0081_02_2.png
Gênesis;45;2;7;Genesis_0082_01.png
Gênesis;45;8;16;Genesis_0082_02.png
Gênesis;45;17;24;Genesis_0083_01.png
Gênesis;45;25;28;Genesis_0083_02.png
Gênesis;46;1;4;Genesis_0083_02_2.png
Gênesis;46;5;15;Genesis_0084_01.png
Gênesis;46;16;27;Genesis_0084_02.png
Gênesis;46;28;34;Genesis_0085_01.png
Gênesis;47;1;1;Genesis_0085_01_2.png
Gênesis;47;2;9;Genesis_0085_02.png
Gênesis;47;10;17;Genesis_0086_01.png
Gênesis;47;18;23;Genesis_0086_02.png
Gênesis;47;24;30;Genesis_0087_01.png
Gênesis;47;31;31;Genesis_0087_02.png
Gênesis;48;1;5;Genesis_0087_02_2.png
Gênesis;48;6;14;Genesis_0088_01.png
Gênesis;48;15;20;Genesis_0088_02.png
Gênesis;48;21;22;Genesis_0089_01.png
Gênesis;49;1;2;Genesis_0089_01_2.png
Gênesis;49;3;10;Genesis_0089_02.png
Gênesis;49;11;19;Genesis_0090_01.png
Gênesis;49;20;26;Genesis_0090_02.png
Gênesis;49;27;33;Genesis_0091_01.png
Gênesis;50;1;1;Genesis_0091_01_2.png
Gênesis;50;2;7;Genesis_0091_02.png
Gênesis;50;8;15;Genesis_0092_01.png
Gênesis;50;16;24;Genesis_0092_02.png
Gênesis;50;25;25;Genesis_0093_01.png
Gênesis;50;26;26;Genesis_0093_02.png
Éxodo;1;1;7;Exodo_0093_01.png
Éxodo;1;8;12;Exodo_0093_02.png
Éxodo;1;13;21;Exodo_0094_01.png
Éxodo;1;22;22;Exodo_0094_02.png
Éxodo;2;1;6;Exodo_0094_02_2.png
Éxodo;2;7;14;Exodo_0095_01.png
Éxodo;2;15;23;Exodo_0095_02.png
Éxodo;2;24;25;Exodo_0096_01.png
Éxodo;3;1;4;Exodo_0096_01_2.png
Éxodo;3;5;11;Exodo_0096_02.png
Éxodo;3;12;17;Exodo_0097_01.png
Éxodo;3;18;22;Exodo_0097_02.png
Éxodo;4;1;1;Exodo_0097_02_2.png
Éxodo;4;2;9;Exodo_0098_01.png
Éxodo;4;10;18;Exodo_0098_02.png
Éxodo;4;19;25;Exodo_0099_01.png
Éxodo;4;26;31;Exodo_0099_02.png
Éxodo;5;1;2;Exodo_0099_02_2.png
Éxodo;5;3;11;Exodo_0100_01.png
Éxodo;5;12;21;Exodo_0100_02.png
Éxodo;5;22;23;Exodo_0101_01.png
Éxodo;6;1;4;Exodo_0101_01_2.png
Éxodo;6;5;12;Exodo_0101_02.png
Éxodo;6;13;23;Exodo_0102_01.png
Éxodo;6;24;30;Exodo_0102_02.png
Éxodo;7;1;1;Exodo_0102_02_2.png
Éxodo;7;2;9;Exodo_0103_01.png
Éxodo;7;10;16;Exodo_0103_02.png
Éxodo;7;17;22;Exodo_0104_01.png
Éxodo;7;23;25;Exodo_0104_02.png
Éxodo;8;1;5;Exodo_0104_02_2.png
Éxodo;8;6;14;Exodo_0105_01.png
Éxodo;8;15;21;Exodo_0105_02.png
Éxodo;8;22;29;Exodo_0106_01.png
Éxodo;8;30;32;Exodo_0106_02.png
Éxodo;9;1;5;Exodo_0106_02_2.png
Éxodo;9;6;13;Exodo_0107_01.png
Éxodo;9;14;21;Exodo_0107_02.png
Éxodo;9;22;29;Exodo_0108_01.png
Éxodo;9;30;35;Exodo_0108_02.png
Éxodo;10;1;1;Exodo_0108_02_2.png
Éxodo;10;2;8;Exodo_0109_01.png
Éxodo;10;9;14;Exodo_0109_02.png
Éxodo;10;15;22;Exodo_0110_01.png
Éxodo;10;23;29;Exodo_0110_02.png
Éxodo;11;1;1;Exodo_0110_02_2.png
Éxodo;11;2;7;Exodo_0111_01.png
Éxodo;11;8;10;Exodo_0111_02.png
Éxodo;12;1;4;Exodo_0111_02_2.png
Éxodo;12;5;12;Exodo_0112_01.png
Éxodo;12;13;18;Exodo_0112_02.png
Éxodo;12;19;24;Exodo_0113_01.png
Éxodo;12;25;31;Exodo_0113_02.png
Éxodo;12;32;39;Exodo_0114_01.png
Éxodo;12;40;48;Exodo_0114_02.png
Éxodo;12;49;51;Exodo_0115_01.png
Éxodo;13;1;3;Exodo_0115_01_2.png
Éxodo;13;4;12;Exodo_0115_02.png
Éxodo;13;13;17;Exodo_0116_01.png
Éxodo;13;18;22;Exodo_0116_02.png
Éxodo;14;1;2;Exodo_0116_02_2.png
Éxodo;14;3;9;Exodo_0117_01.png
Éxodo;14;10;17;Exodo_0117_02.png
Éxodo;14;18;23;Exodo_0118_01.png
Éxodo;14;24;29;Exodo_0118_02.png
Éxodo;14;30;31;Exodo_0119_01.png
Éxodo;15;1;4;Exodo_0119_01_2.png
Éxodo;15;5;14;Exodo_0119_02.png
Éxodo;15;15;21;Exodo_0120_01.png
Éxodo;15;22;27;Exodo_0120_02.png
Éxodo;16;1;6;Exodo_0121_01.png
Éxodo;16;7;13;Exodo_0121_02.png
Éxodo;16;14;21;Exodo_0122_01.png
Éxodo;16;22;30;Exodo_0122_02.png
Éxodo;16;31;36;Exodo_0123_01.png
Éxodo;17;1;1;Exodo_0123_01_2.png
Éxodo;17;2;7;Exodo_0123_02.png
Éxodo;17;8;14;Exodo_0124_01.png
Éxodo;17;15;16;Exodo_0124_02.png
Éxodo;18;1;4;Exodo_0124_02_2.png
Éxodo;18;5;12;Exodo_0125_01.png
Éxodo;18;13;20;Exodo_0125_02.png
Éxodo;18;21;27;Exodo_0126_01.png
Éxodo;19;1;6;Exodo_0126_02.png
Éxodo;19;7;13;Exodo_0127_01.png
Éxodo;19;14;21;Exodo_0127_02.png
Éxodo;19;22;25;Exodo_0128_01.png
Éxodo;20;1;1;Exodo_0128_01_2.png
Éxodo;20;2;7;Exodo_0128_02.png
Éxodo;20;8;17;Exodo_0129_01.png
Éxodo;20;18;23;Exodo_0129_02.png
Éxodo;20;24;26;Exodo_0130_01.png
Éxodo;21;1;4;Exodo_0130_01_2.png
Éxodo;21;5;14;Exodo_0130_02.png
Éxodo;21;15;24;Exodo_0131_01.png
Éxodo;21;25;34;Exodo_0131_02.png
Éxodo;21;35;36;Exodo_0132_01.png
Éxodo;22;1;4;Exodo_0132_01_2.png
Éxodo;22;5;11;Exodo_0132_02.png
Éxodo;22;12;22;Exodo_0133_01.png
Éxodo;22;23;31;Exodo_0133_02.png
Éxodo;23;1;8;Exodo_0134_01.png
Éxodo;23;9;16;Exodo_0134_02.png
Éxodo;23;17;24;Exodo_0135_01.png
Éxodo;23;25;32;Exodo_0135_02.png
Éxodo;23;33;33;Exodo_0136_01.png
Éxodo;24;1;5;Exodo_0136_01_2.png
Éxodo;24;6;12;Exodo_0136_02.png
Éxodo;24;13;18;Exodo_0137_01.png
Éxodo;25;1;2;Exodo_0137_01_2.png
Éxodo;25;3;12;Exodo_0137_02.png
Éxodo;25;13;21;Exodo_0138_01.png
Éxodo;25;22;29;Exodo_0138_02.png
Éxodo;25;30;38;Exodo_0139_01.png
Éxodo;25;39;40;Exodo_0139_02.png
Éxodo;26;1;6;Exodo_0139_02_2.png
Éxodo;26;7;14;Exodo_0140_01.png
Éxodo;26;15;25;Exodo_0140_02.png
Éxodo;26;26;35;Exodo_0141_01.png
Éxodo;26;36;37;Exodo_0141_02.png
Éxodo;27;1;4;Exodo_0141_02_2.png
Éxodo;27;5;14;Exodo_0142_01.png
Éxodo;27;15;21;Exodo_0142_02.png
Éxodo;28;1;5;Exodo_0143_01.png
Éxodo;28;6;15;Exodo_0143_02.png
Éxodo;28;16;25;Exodo_0144_01.png
Éxodo;28;26;33;Exodo_0144_02.png
Éxodo;28;34;41;Exodo_0145_01.png
Éxodo;28;42;43;Exodo_0145_02.png
Éxodo;29;1;4;Exodo_0145_02_2.png
Éxodo;29;5;13;Exodo_0146_01.png
Éxodo;29;14;21;Exodo_0146_02.png
Éxodo;29;22;28;Exodo_0147_01.png
Éxodo;29;29;36;Exodo_0147_02.png
Éxodo;29;37;45;Exodo_0148_01.png
Éxodo;29;46;46;Exodo_0148_02.png
Éxodo;30;1;5;Exodo_0148_02_2.png
Éxodo;30;6;13;Exodo_0149_01.png
Éxodo;30;14;21;Exodo_0149_02.png
Éxodo;30;22;32;Exodo_0150_01.png
Éxodo;30;33;38;Exodo_0150_02.png
Éxodo;31;1;2;Exodo_0150_02_2.png
Éxodo;31;3;11;Exodo_0151_01.png
Éxodo;31;12;18;Exodo_0151_02.png
Éxodo;31;18;18;Exodo_0152_01.png
Éxodo;32;1;5;Exodo_0152_01_2.png
Éxodo;32;6;12;Exodo_0152_02.png
Éxodo;32;13;19;Exodo_0153_01.png
Éxodo;32;20;27;Exodo_0153_02.png
Éxodo;32;28;34;Exodo_0154_01.png
Éxodo;32;35;35;Exodo_0154_02.png
Éxodo;33;1;5;Exodo_0154_02_2.png
Éxodo;33;6;11;Exodo_0155_01.png
Éxodo;33;12;17;Exodo_0155_02.png
Éxodo;33;18;23;Exodo_0156_01.png
Éxodo;34;1;1;Exodo_0156_01_2.png
Éxodo;34;2;7;Exodo_0156_02.png
Éxodo;34;8;12;Exodo_0157_01.png
Éxodo;34;13;20;Exodo_0157_02.png
Éxodo;34;21;28;Exodo_0158_01.png
Éxodo;34;29;35;Exodo_0158_02.png
Éxodo;34;35;35;Exodo_0159_01.png
Éxodo;35;1;6;Exodo_0159_01_2.png
Éxodo;35;7;17;Exodo_0159_02.png
Éxodo;35;18;24;Exodo_0160_01.png
Éxodo;35;25;34;Exodo_0160_02.png
Éxodo;35;35;35;Exodo_0161_01.png
Éxodo;36;1;4;Exodo_0161_01_2.png
Éxodo;36;5;12;Exodo_0161_02.png
Éxodo;36;13;22;Exodo_0162_01.png
Éxodo;36;23;32;Exodo_0162_02.png
Éxodo;36;33;38;Exodo_0163_01.png
Éxodo;37;1;1;Exodo_0163_01_2.png
Éxodo;37;2;10;Exodo_0163_02.png
Éxodo;37;11;19;Exodo_0164_01.png
Éxodo;37;20;29;Exodo_0164_02.png
Éxodo;38;1;8;Exodo_0165_01.png
Éxodo;38;9;18;Exodo_0165_02.png
Éxodo;38;19;26;Exodo_0166_01.png
Éxodo;38;27;31;Exodo_0166_02.png
Éxodo;39;1;3;Exodo_0166_02_2.png
Éxodo;39;4;12;Exodo_0167_01.png
Éxodo;39;13;21;Exodo_0167_02.png
Éxodo;39;22;30;Exodo_0168_01.png
Éxodo;39;31;40;Exodo_0168_02.png
Éxodo;39;41;43;Exodo_0169_01.png
Éxodo;40;1;4;Exodo_0169_01_2.png
Éxodo;40;5;15;Exodo_0169_02.png
Éxodo;40;16;24;Exodo_0170_01.png
Éxodo;40;25;34;Exodo_0170_02.png
Éxodo;40;35;36;Exodo_0171_01.png
Éxodo;40;37;38;Exodo_0171_02.png
Levítico;1;1;3;Levitico_0171_01.png
Levítico;1;4;7;Levitico_0171_02.png
Levítico;1;8;15;Levitico_0172_01.png
Levítico;1;16;17;Levitico_0172_02.png
Levítico;2;1;5;Levitico_0172_02_2.png
Levítico;2;6;14;Levitico_0173_01.png
Levítico;2;15;16;Levitico_0173_02.png
Levítico;3;1;5;Levitico_0173_02_2.png
Levítico;3;6;13;Levitico_0174_01.png
Levítico;3;14;17;Levitico_0174_02.png
Levítico;4;1;3;Levitico_0174_02_2.png
Levítico;4;4;12;Levitico_0175_01.png
Levítico;4;13;20;Levitico_0175_02.png
Levítico;4;21;27;Levitico_0176_01.png
Levítico;4;28;35;Levitico_0176_02.png
Levítico;4;35;35;Levitico_0177_01.png
Levítico;5;1;5;Levitico_0177_01_2.png
Levítico;5;6;11;Levitico_0177_02.png
Levítico;5;12;18;Levitico_0178_01.png
Levítico;5;19;19;Levitico_0178_02.png
Levítico;6;1;5;Levitico_0178_02_2.png
Levítico;6;6;14;Levitico_0179_01.png
Levítico;6;15;22;Levitico_0179_02.png
Levítico;6;23;30;Levitico_0180_01.png
Levítico;7;1;1;Levitico_0180_01_2.png
Levítico;7;2;10;Levitico_0180_02.png
Levítico;7;11;18;Levitico_0181_01.png
Levítico;7;19;25;Levitico_0181_02.png
Levítico;7;26;35;Levitico_0182_01.png
Levítico;7;36;38;Levitico_0182_02.png
Levítico;8;1;3;Levitico_0182_02_2.png
Levítico;8;4;13;Levitico_0183_01.png
Levítico;8;14;20;Levitico_0183_02.png
Levítico;8;21;27;Levitico_0184_01.png
Levítico;8;28;34;Levitico_0184_02.png
Levítico;8;35;36;Levitico_0185_01.png
Levítico;9;1;5;Levitico_0185_01_2.png
Levítico;9;6;14;Levitico_0185_02.png
Levítico;9;27;23;Levitico_0186_01.png
Levítico;9;24;24;Levitico_0186_02.png
Levítico;10;1;4;Levitico_0186_02_2.png
Levítico;10;5;12;Levitico_0187_01.png
Levítico;10;13;16;Levitico_0187_02.png
Levítico;10;17;20;Levitico_0188_01.png
Levítico;11;1;4;Levitico_0188_01_2.png
Levítico;11;5;14;Levitico_0188_02.png
Levítico;11;15;26;Levitico_0189_01.png
Levítico;11;27;35;Levitico_0189_02.png
Levítico;11;36;44;Levitico_0190_01.png
Levítico;11;45;47;Levitico_0190_02.png
Levítico;12;1;4;Levitico_0190_02_2.png
Levítico;12;5;8;Levitico_0191_01.png
Levítico;13;1;2;Levitico_0191_01_2.png
Levítico;13;3;10;Levitico_0191_02.png
Levítico;13;11;20;Levitico_0192_01.png
Levítico;13;21;28;Levitico_0192_02.png
Levítico;13;33;36;Levitico_0193_01.png
Levítico;13;37;46;Levitico_0193_02.png
Levítico;13;47;54;Levitico_0194_01.png
Levítico;13;55;59;Levitico_0194_02.png
Levítico;14;1;2;Levitico_0194_02_2.png
Levítico;14;3;10;Levitico_0195_01.png
Levítico;14;11;17;Levitico_0195_02.png
Levítico;14;18;24;Levitico_0196_01.png
Levítico;14;25;31;Levitico_0196_02.png
Levítico;14;63;40;Levitico_0197_01.png
Levítico;14;41;50;Levitico_0197_02.png
Levítico;14;51;57;Levitico_0198_01.png
Levítico;15;1;4;Levitico_0198_01_2.png
Levítico;15;5;13;Levitico_0198_02.png
Levítico;15;14;22;Levitico_0199_01.png
Levítico;15;18;29;Levitico_0199_02.png
Levítico;15;30;33;Levitico_0200_01.png
Levítico;16;1;2;Levitico_0200_01_2.png
Levítico;16;3;10;Levitico_0200_02.png
Levítico;16;11;16;Levitico_0201_01.png
Levítico;16;17;23;Levitico_0201_02.png
Levítico;16;24;30;Levitico_0202_01.png
Levítico;16;31;34;Levitico_0202_02.png
Levítico;17;1;3;Levitico_0202_02_2.png
Levítico;17;4;10;Levitico_0203_01.png
Levítico;17;11;16;Levitico_0203_02.png
Levítico;18;1;8;Levitico_0204_01.png
Levítico;18;9;18;Levitico_0204_02.png
Levítico;18;19;26;Levitico_0205_01.png
Levítico;18;27;30;Levitico_0205_02.png
Levítico;19;1;3;Levitico_0205_02_2.png
Levítico;19;4;11;Levitico_0206_01.png
Levítico;19;12;18;Levitico_0206_02.png
Levítico;19;19;25;Levitico_0207_01.png
Levítico;19;26;33;Levitico_0207_02.png
Levítico;19;34;37;Levitico_0208_01.png
Levítico;20;1;2;Levitico_0208_01_2.png
Levítico;20;3;9;Levitico_0208_02.png
Levítico;20;10;17;Levitico_0209_01.png
Levítico;20;18;23;Levitico_0209_02.png
Levítico;20;24;27;Levitico_0210_01.png
Levítico;21;1;1;Levitico_0210_01_2.png
Levítico;21;2;9;Levitico_0210_02.png
Levítico;21;10;20;Levitico_0211_01.png
Levítico;21;21;24;Levitico_0211_02.png
Levítico;22;1;3;Levitico_0211_02_2.png
Levítico;22;4;10;Levitico_0212_01.png
Levítico;22;11;18;Levitico_0212_02.png
Levítico;22;19;27;Levitico_0213_01.png
Levítico;22;28;33;Levitico_0213_02.png
Levítico;23;1;3;Levitico_0213_02_2.png
Levítico;23;4;12;Levitico_0214_01.png
Levítico;23;13;19;Levitico_0214_02.png
Levítico;23;20;28;Levitico_0215_01.png
Levítico;23;29;37;Levitico_0215_02.png
Levítico;23;38;44;Levitico_0216_01.png
Levítico;24;1;1;Levitico_0216_01_2.png
Levítico;24;2;10;Levitico_0216_02.png
Levítico;24;11;19;Levitico_0217_01.png
Levítico;24;20;23;Levitico_0217_02.png
Levítico;25;1;3;Levitico_0217_02_2.png
Levítico;25;4;11;Levitico_0218_01.png
Levítico;25;12;20;Levitico_0218_02.png
Levítico;25;21;29;Levitico_0219_01.png
Levítico;25;30;38;Levitico_0219_02.png
Levítico;25;39;47;Levitico_0220_01.png
Levítico;25;48;55;Levitico_0220_02.png
Levítico;26;1;6;Levitico_0221_01.png
Levítico;26;7;16;Levitico_0221_02.png
Levítico;26;17;24;Levitico_0222_01.png
Levítico;26;25;32;Levitico_0222_02.png
Levítico;26;33;40;Levitico_0223_01.png
Levítico;26;41;46;Levitico_0223_02.png
Levítico;26;46;46;Levitico_0224_01.png
Levítico;27;1;8;Levitico_0224_01_2.png
Levítico;27;9;17;Levitico_0224_02.png
Levítico;27;18;26;Levitico_0225_01.png
Levítico;27;27;34;Levitico_0225_02.png
Números;1;1;5;Numeros_0226_01.png
Números;1;6;18;Numeros_0226_02.png
Números;1;19;26;Numeros_0227_01.png
Números;1;27;34;Numeros_0227_02.png
Números;1;35;42;Numeros_0228_01.png
Números;1;43;51;Numeros_0228_02.png
Números;1;52;54;Numeros_0229_01.png
Números;2;1;4;Numeros_0229_01_2.png
Números;2;5;16;Numeros_0229_02.png
Números;2;17;25;Numeros_0230_01.png
Números;2;26;34;Numeros_0230_02.png
Números;3;1;7;Numeros_0231_01.png
Números;3;8;17;Numeros_0231_02.png
Números;3;18;27;Numeros_0232_01.png
Números;3;28;36;Numeros_0232_02.png
Números;3;37;43;Numeros_0233_01.png
Números;3;44;51;Numeros_0233_02.png
Números;4;1;1;Numeros_0233_02_2.png
Números;4;2;9;Numeros_0234_01.png
Números;4;10;16;Numeros_0234_02.png
Números;4;17;26;Numeros_0235_01.png
Números;4;27;33;Numeros_0235_02.png
Números;4;34;41;Numeros_0236_01.png
Números;4;42;49;Numeros_0236_02.png
Números;5;1;7;Numeros_0237_01.png
Números;5;8;15;Numeros_0237_02.png
Números;5;16;22;Numeros_0238_01.png
Números;5;23;30;Numeros_0238_02.png
Números;5;31;31;Numeros_0239_01.png
Números;6;1;5;Numeros_0239_01_2.png
Números;6;6;13;Numeros_0239_02.png
Números;6;14;19;Numeros_0240_01.png
Números;6;20;27;Numeros_0240_02.png
Números;7;1;1;Numeros_0240_02_2.png
Números;7;2;10;Numeros_0241_01.png
Números;7;11;21;Numeros_0241_02.png
Números;7;22;32;Numeros_0242_01.png
Números;7;33;43;Numeros_0242_02.png
Números;7;44;55;Numeros_0243_01.png
Números;7;56;67;Numeros_0243_02.png
Números;7;68;79;Numeros_0244_01.png
Números;7;80;88;Numeros_0244_02.png
Números;7;89;89;Numeros_0245_01.png
Números;8;1;7;Numeros_0245_01_2.png
Números;8;8;15;Numeros_0245_02.png
Números;8;16;22;Numeros_0246_01.png
Números;8;23;26;Numeros_0246_02.png
Números;9;1;2;Numeros_0246_02_2.png
Números;9;3;10;Numeros_0247_01.png
Números;9;11;17;Numeros_0247_02.png
Números;9;18;23;Numeros_0248_01.png
Números;10;1;1;Numeros_0248_01_2.png
Números;10;2;9;Numeros_0248_02.png
Números;10;10;17;Numeros_0249_01.png
Números;10;18;28;Numeros_0249_02.png
Números;10;29;36;Numeros_0250_01.png
Números;11;1;6;Numeros_0250_02.png
Números;11;7;16;Numeros_0251_01.png
Números;11;17;24;Numeros_0251_02.png
Números;11;25;31;Numeros_0252_01.png
Números;11;32;35;Numeros_0252_02.png
Números;12;1;1;Numeros_0252_02_2.png
Números;12;2;10;Numeros_0253_01.png
Números;12;11;16;Numeros_0253_02.png
Números;13;1;2;Numeros_0253_02_2.png
Números;13;3;16;Numeros_0254_01.png
Números;13;17;26;Numeros_0254_02.png
Números;13;27;33;Numeros_0255_01.png
Números;13;33;33;Numeros_0255_02.png
Números;14;1;5;Numeros_0255_02_2.png
Números;14;6;13;Numeros_0256_01.png
Números;14;14;21;Numeros_0256_02.png
Números;14;22;30;Numeros_0257_01.png
Números;14;31;38;Numeros_0257_02.png
Números;14;39;45;Numeros_0258_01.png
Números;15;1;1;Numeros_0258_01_2.png
Números;15;2;9;Numeros_0258_02.png
Números;15;10;18;Numeros_0259_01.png
Números;15;19;26;Numeros_0259_02.png
Números;15;27;34;Numeros_0260_01.png
Números;15;35;41;Numeros_0260_02.png
Números;16;1;1;Numeros_0260_02_2.png
Números;16;2;5;Numeros_0261_01.png
Números;16;6;14;Numeros_0261_02.png
Números;16;15;22;Numeros_0262_01.png
Números;16;23;30;Numeros_0262_02.png
Números;16;31;39;Numeros_0263_01.png
Números;16;40;47;Numeros_0263_02.png
Números;16;48;50;Numeros_0264_01.png
Números;17;1;5;Numeros_0264_01_2.png
Números;17;6;13;Numeros_0264_02.png
Números;18;1;5;Numeros_0265_01.png
Números;18;6;10;Numeros_0265_02.png
Números;18;11;17;Numeros_0266_01.png
Números;18;18;23;Numeros_0266_02.png
Números;18;24;32;Numeros_0267_01.png
Números;18;32;32;Numeros_0267_02.png
Números;19;1;7;Numeros_0267_02_2.png
Números;19;8;15;Numeros_0268_01.png
Números;19;16;22;Numeros_0268_02.png
Números;20;1;6;Numeros_0269_01.png
Números;20;7;14;Numeros_0269_02.png
Números;20;15;23;Numeros_0270_01.png
Números;20;24;29;Numeros_0270_02.png
Números;21;1;1;Numeros_0270_02_2.png
Números;21;2;7;Numeros_0271_01.png
Números;21;8;16;Numeros_0271_02.png
Números;21;17;25;Numeros_0272_01.png
Números;21;26;34;Numeros_0272_02.png
Números;21;35;35;Numeros_0273_01.png
Números;22;1;6;Numeros_0273_01_2.png
Números;22;7;14;Numeros_0273_02.png
Números;22;15;23;Numeros_0274_01.png
Números;22;24;31;Numeros_0274_02.png
Números;22;32;38;Numeros_0275_01.png
Números;22;39;41;Numeros_0275_02.png
Números;23;1;6;Numeros_0275_02_2.png
Números;23;7;14;Numeros_0276_01.png
Números;23;15;24;Numeros_0276_02.png
Números;23;25;30;Numeros_0277_01.png
Números;24;1;2;Numeros_0277_01_2.png
Números;24;3;10;Numeros_0277_02.png
Números;24;11;18;Numeros_0278_01.png
Números;24;19;25;Numeros_0278_02.png
Números;25;1;2;Numeros_0278_02_2.png
Números;25;3;11;Numeros_0279_01.png
Números;25;12;18;Numeros_0279_02.png
Números;26;1;1;Numeros_0279_02_2.png
Números;26;2;9;Numeros_0280_01.png
Números;26;10;20;Numeros_0280_02.png
Números;26;21;30;Numeros_0281_01.png
Números;26;31;41;Numeros_0281_02.png
Números;26;42;50;Numeros_0282_01.png
Números;26;51;59;Numeros_0282_02.png
Números;26;60;65;Numeros_0283_01.png
Números;27;1;1;Numeros_0283_01_2.png
Números;27;2;11;Numeros_0283_02.png
Números;27;12;18;Numeros_0284_01.png
Números;27;19;23;Numeros_0284_02.png
Números;28;1;1;Numeros_0284_02_2.png
Números;28;2;8;Numeros_0285_01.png
Números;28;9;16;Numeros_0285_02.png
Números;28;17;26;Numeros_0286_01.png
Números;28;27;31;Numeros_0286_02.png
Números;29;1;3;Numeros_0286_02_2.png
Números;29;4;12;Numeros_0287_01.png
Números;29;13;21;Numeros_0287_02.png
Números;29;22;31;Numeros_0288_01.png
Números;29;32;40;Numeros_0288_02.png
Números;30;1;7;Numeros_0289_01.png
Números;30;8;15;Numeros_0289_02.png
Números;30;16;16;Numeros_0290_01.png
Números;31;1;8;Numeros_0290_01_2.png
Números;31;9;16;Numeros_0290_02.png
Números;31;17;24;Numeros_0291_01.png
Números;31;25;35;Numeros_0291_02.png
Números;31;36;48;Numeros_0292_01.png
Números;31;49;54;Numeros_0292_02.png
Números;32;1;1;Numeros_0292_02_2.png
Números;32;2;11;Numeros_0293_01.png
Números;32;12;19;Numeros_0293_02.png
Números;32;20;28;Numeros_0294_01.png
Números;32;29;38;Numeros_0294_02.png
Números;32;39;42;Numeros_0295_01.png
Números;33;1;4;Numeros_0295_01_2.png
Números;33;5;16;Numeros_0295_02.png
Números;33;17;36;Numeros_0296_01.png
Números;33;37;49;Numeros_0296_02.png
Números;33;50;56;Numeros_0297_01.png
Números;34;1;8;Numeros_0297_02.png
Números;34;9;17;Numeros_0298_01.png
Números;34;18;29;Numeros_0298_02.png
Números;35;1;1;Numeros_0298_02_2.png
Números;35;2;7;Numeros_0299_01.png
Números;35;8;16;Numeros_0299_02.png
Números;35;17;25;Numeros_0300_01.png
Números;35;26;33;Numeros_0300_02.png
Números;35;34;34;Numeros_0301_01.png
Números;36;1;4;Numeros_0301_01_2.png
Números;36;5;12;Numeros_0301_02.png
Deuteronômio;1;1;3;Deuteronomio_0302_01.png
Deuteronômio;1;4;10;Deuteronomio_0302_02.png
Deuteronômio;1;11;17;Deuteronomio_0303_01.png
Deuteronômio;1;18;26;Deuteronomio_0303_02.png
Deuteronômio;1;27;34;Deuteronomio_0304_01.png
Deuteronômio;1;35;42;Deuteronomio_0304_02.png
Deuteronômio;1;43;46;Deuteronomio_0305_01.png
Deuteronômio;2;1;4;Deuteronomio_0305_01_2.png
Deuteronômio;2;5;11;Deuteronomio_0305_02.png
Deuteronômio;2;12;20;Deuteronomio_0306_01.png
Deuteronômio;2;21;28;Deuteronomio_0306_02.png
Deuteronômio;2;29;36;Deuteronomio_0307_01.png
Deuteronômio;2;37;37;Deuteronomio_0307_02.png
Deuteronômio;3;1;5;Deuteronomio_0307_02_2.png
Deuteronômio;3;6;13;Deuteronomio_0308_01.png
Deuteronômio;3;14;20;Deuteronomio_0308_02.png
Deuteronômio;3;21;29;Deuteronomio_0309_01.png
Deuteronômio;4;1;5;Deuteronomio_0309_02.png
Deuteronômio;4;6;11;Deuteronomio_0310_01.png
Deuteronômio;4;12;19;Deuteronomio_0310_02.png
Deuteronômio;4;20;25;Deuteronomio_0311_01.png
Deuteronômio;4;26;32;Deuteronomio_0311_02.png
Deuteronômio;4;33;40;Deuteronomio_0312_01.png
Deuteronômio;4;41;48;Deuteronomio_0312_02.png
Deuteronômio;4;49;49;Deuteronomio_0313_01.png
Deuteronômio;5;1;8;Deuteronomio_0313_01_2.png
Deuteronômio;5;9;15;Deuteronomio_0313_02.png
Deuteronômio;5;16;24;Deuteronomio_0314_01.png
Deuteronômio;5;25;31;Deuteronomio_0314_02.png
Deuteronômio;5;32;33;Deuteronomio_0315_01.png
Deuteronômio;6;1;3;Deuteronomio_0315_01_2.png
Deuteronômio;6;4;14;Deuteronomio_0315_02.png
Deuteronômio;6;15;23;Deuteronomio_0316_01.png
Deuteronômio;6;24;25;Deuteronomio_0316_02.png
Deuteronômio;7;1;2;Deuteronomio_0316_02_2.png
Deuteronômio;7;3;9;Deuteronomio_0317_01.png
Deuteronômio;7;10;16;Deuteronomio_0317_02.png
Deuteronômio;7;17;24;Deuteronomio_0318_01.png
Deuteronômio;7;25;26;Deuteronomio_0318_02.png
Deuteronômio;8;1;3;Deuteronomio_0318_02_2.png
Deuteronômio;8;4;12;Deuteronomio_0319_01.png
Deuteronômio;8;13;19;Deuteronomio_0319_02.png
Deuteronômio;8;20;20;Deuteronomio_0320_01.png
Deuteronômio;9;1;4;Deuteronomio_0320_01_2.png
Deuteronômio;9;5;10;Deuteronomio_0320_02.png
Deuteronômio;9;11;18;Deuteronomio_0321_01.png
Deuteronômio;9;19;26;Deuteronomio_0321_02.png
Deuteronômio;9;27;29;Deuteronomio_0322_01.png
Deuteronômio;10;1;2;Deuteronomio_0322_01_2.png
Deuteronômio;10;3;9;Deuteronomio_0322_02.png
Deuteronômio;10;10;16;Deuteronomio_0323_01.png
Deuteronômio;10;17;22;Deuteronomio_0323_02.png
Deuteronômio;11;1;1;Deuteronomio_0323_02_2.png
Deuteronômio;11;2;8;Deuteronomio_0324_01.png
Deuteronômio;11;9;16;Deuteronomio_0324_02.png
Deuteronômio;11;17;24;Deuteronomio_0325_01.png
Deuteronômio;11;25;32;Deuteronomio_0325_02.png
Deuteronômio;11;32;32;Deuteronomio_0326_01.png
Deuteronômio;12;1;6;Deuteronomio_0326_01_2.png
Deuteronômio;12;7;12;Deuteronomio_0326_02.png
Deuteronômio;12;13;20;Deuteronomio_0327_01.png
Deuteronômio;12;21;28;Deuteronomio_0327_02.png
Deuteronômio;12;29;32;Deuteronomio_0328_01.png
Deuteronômio;13;1;1;Deuteronomio_0328_01_2.png
Deuteronômio;13;2;7;Deuteronomio_0328_02.png
Deuteronômio;13;8;16;Deuteronomio_0329_01.png
Deuteronômio;13;17;18;Deuteronomio_0329_02.png
Deuteronômio;14;1;4;Deuteronomio_0329_02_2.png
Deuteronômio;14;5;18;Deuteronomio_0330_01.png
Deuteronômio;14;19;26;Deuteronomio_0330_02.png
Deuteronômio;14;27;29;Deuteronomio_0331_01.png
Deuteronômio;15;1;2;Deuteronomio_0331_01_2.png
Deuteronômio;15;3;9;Deuteronomio_0331_02.png
Deuteronômio;15;10;17;Deuteronomio_0332_01.png
Deuteronômio;15;18;23;Deuteronomio_0332_02.png
Deuteronômio;16;1;1;Deuteronomio_0332_02_2.png
Deuteronômio;16;2;8;Deuteronomio_0333_01.png
Deuteronômio;16;9;15;Deuteronomio_0333_02.png
Deuteronômio;16;16;22;Deuteronomio_0334_01.png
Deuteronômio;17;1;1;Deuteronomio_0334_01_2.png
Deuteronômio;17;2;7;Deuteronomio_0334_02.png
Deuteronômio;17;8;15;Deuteronomio_0335_01.png
Deuteronômio;17;16;20;Deuteronomio_0335_02.png
Deuteronômio;18;1;1;Deuteronomio_0335_02_2.png
Deuteronômio;18;2;7;Deuteronomio_0336_01.png
Deuteronômio;18;8;16;Deuteronomio_0336_02.png
Deuteronômio;18;17;22;Deuteronomio_0337_01.png
Deuteronômio;19;1;1;Deuteronomio_0337_01_2.png
Deuteronômio;19;2;9;Deuteronomio_0337_02.png
Deuteronômio;19;10;15;Deuteronomio_0338_01.png
Deuteronômio;19;16;21;Deuteronomio_0338_02.png
Deuteronômio;20;1;2;Deuteronomio_0338_02_2.png
Deuteronômio;20;3;9;Deuteronomio_0339_01.png
Deuteronômio;20;10;18;Deuteronomio_0339_02.png
Deuteronômio;20;19;20;Deuteronomio_0340_01.png
Deuteronômio;21;1;4;Deuteronomio_0340_01_2.png
Deuteronômio;21;5;13;Deuteronomio_0340_02.png
Deuteronômio;21;14;20;Deuteronomio_0341_01.png
Deuteronômio;21;21;23;Deuteronomio_0341_02.png
Deuteronômio;22;1;3;Deuteronomio_0341_02_2.png
Deuteronômio;22;4;13;Deuteronomio_0342_01.png
Deuteronômio;22;14;21;Deuteronomio_0342_02.png
Deuteronômio;22;22;29;Deuteronomio_0343_01.png
Deuteronômio;22;30;30;Deuteronomio_0343_02.png
Deuteronômio;23;1;5;Deuteronomio_0343_02_2.png
Deuteronômio;23;6;14;Deuteronomio_0344_01.png
Deuteronômio;23;15;23;Deuteronomio_0344_02.png
Deuteronômio;23;24;25;Deuteronomio_0345_01.png
Deuteronômio;24;1;4;Deuteronomio_0345_01_2.png
Deuteronômio;24;5;12;Deuteronomio_0345_02.png
Deuteronômio;24;13;20;Deuteronomio_0346_01.png
Deuteronômio;24;21;22;Deuteronomio_0346_02.png
Deuteronômio;25;1;5;Deuteronomio_0346_02_2.png
Deuteronômio;25;6;12;Deuteronomio_0347_01.png
Deuteronômio;25;13;19;Deuteronomio_0347_02.png
Deuteronômio;26;1;1;Deuteronomio_0347_02_2.png
Deuteronômio;26;2;7;Deuteronomio_0348_01.png
Deuteronômio;26;8;14;Deuteronomio_0348_02.png
Deuteronômio;26;15;19;Deuteronomio_0349_01.png
Deuteronômio;27;1;1;Deuteronomio_0349_01_2.png
Deuteronômio;27;2;9;Deuteronomio_0349_02.png
Deuteronômio;27;10;19;Deuteronomio_0350_01.png
Deuteronômio;27;20;26;Deuteronomio_0350_02.png
Deuteronômio;28;1;1;Deuteronomio_0350_02_2.png
Deuteronômio;28;2;8;Deuteronomio_0351_01.png
Deuteronômio;28;9;15;Deuteronomio_0351_02.png
Deuteronômio;28;16;25;Deuteronomio_0352_01.png
Deuteronômio;28;26;33;Deuteronomio_0352_02.png
Deuteronômio;28;34;44;Deuteronomio_0353_01.png
Deuteronômio;28;45;51;Deuteronomio_0353_02.png
Deuteronômio;28;52;57;Deuteronomio_0354_01.png
Deuteronômio;28;58;65;Deuteronomio_0354_02.png
Deuteronômio;28;66;68;Deuteronomio_0355_01.png
Deuteronômio;29;1;2;Deuteronomio_0355_01_2.png
Deuteronômio;29;3;11;Deuteronomio_0355_02.png
Deuteronômio;29;12;19;Deuteronomio_0356_01.png
Deuteronômio;29;20;26;Deuteronomio_0356_02.png
Deuteronômio;29;27;29;Deuteronomio_0357_01.png
Deuteronômio;30;1;3;Deuteronomio_0357_01_2.png
Deuteronômio;30;4;10;Deuteronomio_0357_02.png
Deuteronômio;30;11;18;Deuteronomio_0358_01.png
Deuteronômio;30;19;20;Deuteronomio_0358_02.png
Deuteronômio;31;1;5;Deuteronomio_0358_02_2.png
Deuteronômio;31;6;12;Deuteronomio_0359_01.png
Deuteronômio;31;13;17;Deuteronomio_0359_02.png
Deuteronômio;31;18;25;Deuteronomio_0360_01.png
Deuteronômio;31;26;30;Deuteronomio_0360_02.png
Deuteronômio;32;1;1;Deuteronomio_0360_02_2.png
Deuteronômio;32;2;8;Deuteronomio_0361_01.png
Deuteronômio;32;9;16;Deuteronomio_0361_02.png
Deuteronômio;32;17;24;Deuteronomio_0362_01.png
Deuteronômio;32;25;34;Deuteronomio_0362_02.png
Deuteronômio;32;35;42;Deuteronomio_0363_01.png
Deuteronômio;32;43;50;Deuteronomio_0363_02.png
Deuteronômio;32;51;52;Deuteronomio_0364_01.png
Deuteronômio;33;1;5;Deuteronomio_0364_01_2.png
Deuteronômio;33;6;13;Deuteronomio_0364_02.png
Deuteronômio;33;14;21;Deuteronomio_0365_01.png
Deuteronômio;33;22;29;Deuteronomio_0365_02.png
Deuteronômio;33;29;29;Deuteronomio_0366_01.png
Deuteronômio;34;1;6;Deuteronomio_0366_01_2.png
Deuteronômio;34;7;12;Deuteronomio_0366_02.png
Josué;1;1;7;Josue_0367_01.png
Josué;1;8;13;Josue_0367_02.png
Josué;1;14;18;Josue_0368_01.png
Josué;2;1;1;Josue_0368_01_2.png
Josué;2;2;9;Josue_0368_02.png
Josué;2;10;15;Josue_0369_01.png
Josué;2;16;22;Josue_0369_02.png
Josué;2;23;24;Josue_0370_01.png
Josué;3;1;4;Josue_0370_01_2.png
Josué;3;5;12;Josue_0370_02.png
Josué;3;13;17;Josue_0371_01.png
Josué;4;1;7;Josue_0371_02.png
Josué;4;8;14;Josue_0372_01.png
Josué;4;15;23;Josue_0372_02.png
Josué;4;24;24;Josue_0373_01.png
Josué;5;1;4;Josue_0373_01_2.png
Josué;5;5;10;Josue_0373_02.png
Josué;5;11;15;Josue_0374_01.png
Josué;6;1;2;Josue_0374_01_2.png
Josué;6;3;10;Josue_0374_02.png
Josué;6;11;17;Josue_0375_01.png
Josué;6;18;24;Josue_0375_02.png
Josué;6;25;27;Josue_0376_01.png
Josué;7;1;2;Josue_0376_01_2.png
Josué;7;3;9;Josue_0376_02.png
Josué;7;10;15;Josue_0377_01.png
Josué;7;16;23;Josue_0377_02.png
Josué;7;24;26;Josue_0378_01.png
Josué;8;1;2;Josue_0378_01_2.png
Josué;8;3;11;Josue_0378_02.png
Josué;8;12;19;Josue_0379_01.png
Josué;8;20;27;Josue_0379_02.png
Josué;8;28;33;Josue_0380_01.png
Josué;8;34;35;Josue_0380_02.png
Josué;9;1;4;Josue_0380_02_2.png
Josué;9;5;11;Josue_0381_01.png
Josué;9;12;19;Josue_0381_02.png
Josué;9;20;27;Josue_0382_01.png
Josué;9;27;27;Josue_0382_02.png
Josué;10;1;6;Josue_0382_02_2.png
Josué;10;7;12;Josue_0383_01.png
Josué;10;13;21;Josue_0383_02.png
Josué;10;22;28;Josue_0384_01.png
Josué;10;29;37;Josue_0384_02.png
Josué;10;38;43;Josue_0385_01.png
Josué;11;1;1;Josue_0385_01_2.png
Josué;11;2;8;Josue_0385_02.png
Josué;11;9;16;Josue_0386_01.png
Josué;11;17;23;Josue_0386_02.png
Josué;12;1;6;Josue_0387_01.png
Josué;12;7;19;Josue_0387_02.png
Josué;12;20;24;Josue_0388_01.png
Josué;13;1;5;Josue_0388_01_2.png
Josué;13;6;13;Josue_0388_02.png
Josué;13;14;24;Josue_0389_01.png
Josué;13;25;33;Josue_0389_02.png
Josué;13;33;33;Josue_0390_01.png
Josué;14;1;6;Josue_0390_01_2.png
Josué;14;7;12;Josue_0390_02.png
Josué;14;13;15;Josue_0391_01.png
Josué;15;1;5;Josue_0391_01_2.png
Josué;15;6;11;Josue_0391_02.png
Josué;15;12;21;Josue_0392_01.png
Josué;15;22;44;Josue_0392_02.png
Josué;15;45;63;Josue_0393_01.png
Josué;15;63;63;Josue_0393_02.png
Josué;16;1;8;Josue_0393_02_2.png
Josué;16;9;10;Josue_0394_01.png
Josué;17;1;3;Josue_0394_01_2.png
Josué;17;4;11;Josue_0394_02.png
Josué;17;12;18;Josue_0395_01.png
Josué;17;18;18;Josue_0395_02.png
Josué;18;1;7;Josue_0395_02_2.png
Josué;18;8;14;Josue_0396_01.png
Josué;18;15;22;Josue_0396_02.png
Josué;18;23;28;Josue_0397_01.png
Josué;19;1;9;Josue_0397_01_2.png
Josué;19;10;20;Josue_0397_02.png
Josué;19;21;32;Josue_0398_01.png
Josué;19;33;47;Josue_0398_02.png
Josué;19;48;51;Josue_0399_01.png
Josué;20;1;2;Josue_0399_01_2.png
Josué;20;3;9;Josue_0399_02.png
Josué;20;9;9;Josue_0400_01.png
Josué;21;1;6;Josue_0400_01_2.png
Josué;21;7;17;Josue_0400_02.png
Josué;21;18;27;Josue_0401_01.png
Josué;21;28;39;Josue_0401_02.png
Josué;21;40;45;Josue_0402_01.png
Josué;22;1;1;Josue_0402_01_2.png
Josué;22;2;6;Josue_0402_02.png
Josué;22;7;12;Josue_0403_01.png
Josué;22;13;19;Josue_0403_02.png
Josué;22;20;26;Josue_0404_01.png
Josué;22;27;31;Josue_0404_02.png
Josué;22;32;34;Josue_0405_01.png
Josué;23;1;1;Josue_0405_01_2.png
Josué;23;2;9;Josue_0405_02.png
Josué;23;10;15;Josue_0406_01.png
Josué;23;16;16;Josue_0406_02.png
Josué;24;1;3;Josue_0406_02_2.png
Josué;24;4;11;Josue_0407_01.png
Josué;24;12;17;Josue_0407_02.png
Josué;24;18;26;Josue_0408_01.png
Josué;24;27;33;Josue_0408_02.png
Juízes;1;1;7;Juizes_0409_01.png
Juízes;1;8;15;Juizes_0409_02.png
Juízes;1;16;25;Juizes_0410_01.png
Juízes;1;26;33;Juizes_0410_02.png
Juízes;1;34;36;Juizes_0411_01.png
Juízes;2;1;2;Juizes_0411_01_2.png
Juízes;2;3;10;Juizes_0411_02.png
Juízes;2;11;17;Juizes_0412_01.png
Juízes;2;18;23;Juizes_0412_02.png
Juízes;3;1;6;Juizes_0413_01.png
Juízes;3;7;13;Juizes_0413_02.png
Juízes;3;14;22;Juizes_0414_01.png
Juízes;3;23;30;Juizes_0414_02.png
Juízes;3;31;31;Juizes_0415_01.png
Juízes;4;1;6;Juizes_0415_01_2.png
Juízes;4;7;13;Juizes_0415_02.png
Juízes;4;14;21;Juizes_0416_01.png
Juízes;4;22;24;Juizes_0416_02.png
Juízes;5;1;4;Juizes_0416_02_2.png
Juízes;5;5;12;Juizes_0417_01.png
Juízes;5;13;19;Juizes_0417_02.png
Juízes;5;20;28;Juizes_0418_01.png
Juízes;5;29;31;Juizes_0418_02.png
Juízes;6;1;3;Juizes_0418_02_2.png
Juízes;6;4;11;Juizes_0419_01.png
Juízes;6;12;18;Juizes_0419_02.png
Juízes;6;19;26;Juizes_0420_01.png
Juízes;6;27;32;Juizes_0420_02.png
Juízes;6;33;40;Juizes_0421_01.png
Juízes;7;1;5;Juizes_0421_02.png
Juízes;7;6;13;Juizes_0422_01.png
Juízes;7;14;19;Juizes_0422_02.png
Juízes;7;20;25;Juizes_0423_01.png
Juízes;7;25;25;Juizes_0423_02.png
Juízes;8;1;6;Juizes_0423_02_2.png
Juízes;8;7;14;Juizes_0424_01.png
Juízes;8;15;22;Juizes_0424_02.png
Juízes;8;23;31;Juizes_0425_01.png
Juízes;8;32;35;Juizes_0425_02.png
Juízes;9;1;2;Juizes_0425_02_2.png
Juízes;9;3;9;Juizes_0426_01.png
Juízes;9;10;18;Juizes_0426_02.png
Juízes;9;19;26;Juizes_0427_01.png
Juízes;9;27;33;Juizes_0427_02.png
Juízes;9;34;42;Juizes_0428_01.png
Juízes;9;43;49;Juizes_0428_02.png
Juízes;9;50;57;Juizes_0429_01.png
Juízes;10;1;1;Juizes_0429_01_2.png
Juízes;10;2;8;Juizes_0429_02.png
Juízes;10;9;17;Juizes_0430_01.png
Juízes;10;18;18;Juizes_0430_02.png
Juízes;11;1;5;Juizes_0430_02_2.png
Juízes;11;6;13;Juizes_0431_01.png
Juízes;11;14;20;Juizes_0431_02.png
Juízes;11;21;27;Juizes_0432_01.png
Juízes;11;28;35;Juizes_0432_02.png
Juízes;11;36;40;Juizes_0433_01.png
Juízes;12;1;2;Juizes_0433_01_2.png
Juízes;12;3;9;Juizes_0433_02.png
Juízes;12;10;15;Juizes_0434_01.png
Juízes;13;1;3;Juizes_0434_01_2.png
Juízes;13;4;9;Juizes_0434_02.png
Juízes;13;10;18;Juizes_0435_01.png
Juízes;13;19;25;Juizes_0435_02.png
Juízes;14;1;1;Juizes_0435_02_2.png
Juízes;14;2;7;Juizes_0436_01.png
Juízes;14;8;15;Juizes_0436_02.png
Juízes;14;16;20;Juizes_0437_01.png
Juízes;15;1;7;Juizes_0437_02.png
Juízes;15;8;14;Juizes_0438_01.png
Juízes;15;15;20;Juizes_0438_02.png
Juízes;16;1;1;Juizes_0438_02_2.png
Juízes;16;2;8;Juizes_0439_01.png
Juízes;16;9;15;Juizes_0439_02.png
Juízes;16;16;21;Juizes_0440_01.png
Juízes;16;22;28;Juizes_0440_02.png
Juízes;16;29;31;Juizes_0441_01.png
Juízes;17;1;3;Juizes_0441_01_2.png
Juízes;17;4;10;Juizes_0441_02.png
Juízes;17;11;13;Juizes_0442_01.png
Juízes;18;1;3;Juizes_0442_01_2.png
Juízes;18;4;11;Juizes_0442_02.png
Juízes;18;12;19;Juizes_0443_01.png
Juízes;18;20;27;Juizes_0443_02.png
Juízes;18;28;31;Juizes_0444_01.png
Juízes;19;1;1;Juizes_0444_01_2.png
Juízes;19;2;8;Juizes_0444_02.png
Juízes;19;9;15;Juizes_0445_01.png
Juízes;19;16;22;Juizes_0445_02.png
Juízes;19;23;29;Juizes_0446_01.png
Juízes;19;30;30;Juizes_0446_02.png
Juízes;20;1;5;Juizes_0446_02_2.png
Juízes;20;6;13;Juizes_0447_01.png
Juízes;20;14;22;Juizes_0447_02.png
Juízes;20;23;30;Juizes_0448_01.png
Juízes;20;31;37;Juizes_0448_02.png
Juízes;20;38;45;Juizes_0449_01.png
Juízes;20;46;48;Juizes_0449_02.png
Juízes;21;1;3;Juizes_0449_02_2.png
Juízes;21;4;11;Juizes_0450_01.png
Juízes;21;12;19;Juizes_0450_02.png
Juízes;21;20;22;Juizes_0451_01.png
Juízes;21;23;25;Juizes_0451_02.png
Rute;1;1;1;Rute_0451_01.png
Rute;1;2;5;Rute_0451_02.png
Rute;1;6;13;Rute_0452_01.png
Rute;1;14;21;Rute_0452_02.png
Rute;1;22;22;Rute_0453_01.png
Rute;2;1;6;Rute_0453_01_2.png
Rute;2;7;13;Rute_0453_02.png
Rute;2;14;20;Rute_0454_01.png
Rute;2;21;23;Rute_0454_02.png
Rute;3;1;4;Rute_0454_02_2.png
Rute;3;5;13;Rute_0455_01.png
Rute;3;14;18;Rute_0455_02.png
Rute;4;1;1;Rute_0455_02_2.png
Rute;4;2;8;Rute_0456_01.png
Rute;4;9;15;Rute_0456_02.png
Rute;4;16;17;Rute_0457_01.png
Rute;4;18;22;Rute_0457_02.png
1 Samuel;1;1;3;1_Samuel_0457_01.png
1 Samuel;1;4;7;1_Samuel_0457_02.png
1 Samuel;1;8;15;1_Samuel_0458_01.png
1 Samuel;1;16;23;1_Samuel_0458_02.png
1 Samuel;1;24;28;1_Samuel_0459_01.png
1 Samuel;2;1;1;1_Samuel_0459_01_2.png
1 Samuel;2;2;10;1_Samuel_0459_02.png
1 Samuel;2;11;16;1_Samuel_0460_01.png
1 Samuel;2;17;25;1_Samuel_0460_02.png
1 Samuel;2;26;31;1_Samuel_0461_01.png
1 Samuel;2;32;36;1_Samuel_0461_02.png
1 Samuel;3;1;1;1_Samuel_0461_02_2.png
1 Samuel;3;2;9;1_Samuel_0462_01.png
1 Samuel;3;10;17;1_Samuel_0462_02.png
1 Samuel;3;18;21;1_Samuel_0463_01.png
1 Samuel;4;1;2;1_Samuel_0463_01_2.png
1 Samuel;4;3;9;1_Samuel_0463_02.png
1 Samuel;4;10;17;1_Samuel_0464_01.png
1 Samuel;4;18;22;1_Samuel_0464_02.png
1 Samuel;5;1;1;1_Samuel_0464_02_2.png
1 Samuel;5;2;8;1_Samuel_0465_01.png
1 Samuel;5;9;12;1_Samuel_0465_02.png
1 Samuel;6;1;1;1_Samuel_0465_02_2.png
1 Samuel;6;2;7;1_Samuel_0466_01.png
1 Samuel;6;8;14;1_Samuel_0466_02.png
1 Samuel;6;15;20;1_Samuel_0467_01.png
1 Samuel;6;21;21;1_Samuel_0467_02.png
1 Samuel;7;1;5;1_Samuel_0467_02_2.png
1 Samuel;7;6;11;1_Samuel_0468_01.png
1 Samuel;7;12;17;1_Samuel_0468_02.png
1 Samuel;8;1;1;1_Samuel_0468_02_2.png
1 Samuel;8;2;9;1_Samuel_0469_01.png
1 Samuel;8;10;18;1_Samuel_0469_02.png
1 Samuel;8;19;22;1_Samuel_0470_01.png
1 Samuel;9;1;2;1_Samuel_0470_01_2.png
1 Samuel;9;3;9;1_Samuel_0470_02.png
1 Samuel;9;10;16;1_Samuel_0471_01.png
1 Samuel;9;17;24;1_Samuel_0471_02.png
1 Samuel;9;25;27;1_Samuel_0472_01.png
1 Samuel;10;1;2;1_Samuel_0472_01_2.png
1 Samuel;10;3;9;1_Samuel_0472_02.png
1 Samuel;10;10;18;1_Samuel_0473_01.png
1 Samuel;10;19;26;1_Samuel_0473_02.png
1 Samuel;10;27;27;1_Samuel_0474_01.png
1 Samuel;11;1;6;1_Samuel_0474_01_2.png
1 Samuel;11;7;13;1_Samuel_0474_02.png
1 Samuel;11;14;15;1_Samuel_0475_01.png
1 Samuel;12;1;4;1_Samuel_0475_01_2.png
1 Samuel;12;5;12;1_Samuel_0475_02.png
1 Samuel;12;13;19;1_Samuel_0476_01.png
1 Samuel;12;20;25;1_Samuel_0476_02.png
1 Samuel;13;1;2;1_Samuel_0476_02_2.png
1 Samuel;13;3;9;1_Samuel_0477_01.png
1 Samuel;13;10;16;1_Samuel_0477_02.png
1 Samuel;13;17;23;1_Samuel_0478_01.png
1 Samuel;14;1;1;1_Samuel_0478_01_2.png
1 Samuel;14;2;7;1_Samuel_0478_02.png
1 Samuel;14;8;15;1_Samuel_0479_01.png
1 Samuel;14;16;22;1_Samuel_0479_02.png
1 Samuel;14;23;30;1_Samuel_0480_01.png
1 Samuel;14;31;37;1_Samuel_0480_02.png
1 Samuel;14;38;45;1_Samuel_0481_01.png
1 Samuel;14;46;52;1_Samuel_0481_02.png
1 Samuel;15;1;1;1_Samuel_0481_02_2.png
1 Samuel;15;2;8;1_Samuel_0482_01.png
1 Samuel;15;9;16;1_Samuel_0482_02.png
1 Samuel;15;17;23;1_Samuel_0483_01.png
1 Samuel;15;24;33;1_Samuel_0483_02.png
1 Samuel;15;34;35;1_Samuel_0484_01.png
1 Samuel;16;1;3;1_Samuel_0484_01_2.png
1 Samuel;16;4;11;1_Samuel_0484_02.png
1 Samuel;16;12;18;1_Samuel_0485_01.png
1 Samuel;16;19;23;1_Samuel_0485_02.png
1 Samuel;17;1;1;1_Samuel_0485_02_2.png
1 Samuel;17;2;10;1_Samuel_0486_01.png
1 Samuel;17;11;20;1_Samuel_0486_02.png
1 Samuel;17;21;26;1_Samuel_0487_01.png
1 Samuel;17;27;35;1_Samuel_0487_02.png
1 Samuel;17;36;44;1_Samuel_0488_01.png
1 Samuel;17;45;51;1_Samuel_0488_02.png
1 Samuel;17;52;58;1_Samuel_0489_01.png
1 Samuel;18;1;1;1_Samuel_0489_01_2.png
1 Samuel;18;2;8;1_Samuel_0489_02.png
1 Samuel;18;9;18;1_Samuel_0490_01.png
1 Samuel;18;19;26;1_Samuel_0490_02.png
1 Samuel;18;27;30;1_Samuel_0491_01.png
1 Samuel;19;1;2;1_Samuel_0491_01_2.png
1 Samuel;19;3;11;1_Samuel_0491_02.png
1 Samuel;19;12;20;1_Samuel_0492_01.png
1 Samuel;19;21;24;1_Samuel_0492_02.png
1 Samuel;20;1;2;1_Samuel_0492_02_2.png
1 Samuel;20;3;9;1_Samuel_0493_01.png
1 Samuel;20;10;19;1_Samuel_0493_02.png
1 Samuel;20;20;28;1_Samuel_0494_01.png
1 Samuel;20;29;36;1_Samuel_0494_02.png
1 Samuel;20;37;43;1_Samuel_0495_01.png
1 Samuel;21;1;1;1_Samuel_0495_01_2.png
1 Samuel;21;2;8;1_Samuel_0495_02.png
1 Samuel;21;9;15;1_Samuel_0496_01.png
1 Samuel;22;1;1;1_Samuel_0496_01_2.png
1 Samuel;22;2;7;1_Samuel_0496_02.png
1 Samuel;22;8;14;1_Samuel_0497_01.png
1 Samuel;22;15;21;1_Samuel_0497_02.png
1 Samuel;22;22;23;1_Samuel_0498_01.png
1 Samuel;23;1;5;1_Samuel_0498_01_2.png
1 Samuel;23;6;13;1_Samuel_0498_02.png
1 Samuel;23;14;22;1_Samuel_0499_01.png
1 Samuel;23;23;29;1_Samuel_0499_02.png
1 Samuel;24;1;6;1_Samuel_0500_01.png
1 Samuel;24;7;12;1_Samuel_0500_02.png
1 Samuel;24;13;22;1_Samuel_0501_01.png
1 Samuel;24;22;22;1_Samuel_0501_02.png
1 Samuel;25;1;7;1_Samuel_0501_02_2.png
1 Samuel;25;8;14;1_Samuel_0502_01.png
1 Samuel;25;15;22;1_Samuel_0502_02.png
1 Samuel;25;23;29;1_Samuel_0503_01.png
1 Samuel;25;30;35;1_Samuel_0503_02.png
1 Samuel;25;36;42;1_Samuel_0504_01.png
1 Samuel;25;43;44;1_Samuel_0504_02.png
1 Samuel;26;1;5;1_Samuel_0504_02_2.png
1 Samuel;26;6;12;1_Samuel_0505_01.png
1 Samuel;26;13;19;1_Samuel_0505_02.png
1 Samuel;26;20;25;1_Samuel_0506_01.png
1 Samuel;27;1;7;1_Samuel_0506_02.png
1 Samuel;27;8;12;1_Samuel_0507_01.png
1 Samuel;28;1;1;1_Samuel_0507_01_2.png
1 Samuel;28;2;7;1_Samuel_0507_02.png
1 Samuel;28;8;15;1_Samuel_0508_01.png
1 Samuel;28;16;22;1_Samuel_0508_02.png
1 Samuel;28;23;25;1_Samuel_0509_01.png
1 Samuel;29;1;3;1_Samuel_0509_01_2.png
1 Samuel;29;4;10;1_Samuel_0509_02.png
1 Samuel;29;11;11;1_Samuel_0510_01.png
1 Samuel;30;1;5;1_Samuel_0510_01_2.png
1 Samuel;30;6;13;1_Samuel_0510_02.png
1 Samuel;30;14;21;1_Samuel_0511_01.png
1 Samuel;30;22;29;1_Samuel_0511_02.png
1 Samuel;30;30;30;1_Samuel_0512_01.png
1 Samuel;31;1;5;1_Samuel_0512_01_2.png
1 Samuel;31;6;13;1_Samuel_0512_02.png
2 Samuel;1;1;6;2_Samuel_0513_01.png
2 Samuel;1;7;13;2_Samuel_0513_02.png
2 Samuel;1;14;22;2_Samuel_0514_01.png
2 Samuel;1;23;27;2_Samuel_0514_02.png
2 Samuel;2;1;2;2_Samuel_0514_02_2.png
2 Samuel;2;3;10;2_Samuel_0515_01.png
2 Samuel;2;11;19;2_Samuel_0515_02.png
2 Samuel;2;20;26;2_Samuel_0516_01.png
2 Samuel;2;27;32;2_Samuel_0516_02.png
2 Samuel;3;1;2;2_Samuel_0516_02_2.png
2 Samuel;3;3;10;2_Samuel_0517_01.png
2 Samuel;3;11;19;2_Samuel_0517_02.png
2 Samuel;3;20;27;2_Samuel_0518_01.png
2 Samuel;3;28;35;2_Samuel_0518_02.png
2 Samuel;3;36;39;2_Samuel_0519_01.png
2 Samuel;4;1;2;2_Samuel_0519_01_2.png
2 Samuel;4;3;10;2_Samuel_0519_02.png
2 Samuel;4;11;12;2_Samuel_0520_01.png
2 Samuel;5;1;3;2_Samuel_0520_01_2.png
2 Samuel;5;4;11;2_Samuel_0520_02.png
2 Samuel;5;12;21;2_Samuel_0521_01.png
2 Samuel;5;22;25;2_Samuel_0521_02.png
2 Samuel;6;1;2;2_Samuel_0521_02_2.png
2 Samuel;6;3;11;2_Samuel_0522_01.png
2 Samuel;6;12;18;2_Samuel_0522_02.png
2 Samuel;6;19;23;2_Samuel_0523_01.png
2 Samuel;7;1;1;2_Samuel_0523_01_2.png
2 Samuel;7;2;8;2_Samuel_0523_02.png
2 Samuel;7;9;14;2_Samuel_0524_01.png
2 Samuel;7;15;22;2_Samuel_0524_02.png
2 Samuel;7;23;29;2_Samuel_0525_01.png
2 Samuel;7;29;29;2_Samuel_0525_02.png
2 Samuel;8;1;6;2_Samuel_0525_02_2.png
2 Samuel;8;7;14;2_Samuel_0526_01.png
2 Samuel;8;15;18;2_Samuel_0526_02.png
2 Samuel;9;1;4;2_Samuel_0526_02_2.png
2 Samuel;9;5;12;2_Samuel_0527_01.png
2 Samuel;9;13;13;2_Samuel_0527_02.png
2 Samuel;10;1;5;2_Samuel_0527_02_2.png
2 Samuel;10;6;13;2_Samuel_0528_01.png
2 Samuel;10;14;19;2_Samuel_0528_02.png
2 Samuel;11;1;1;2_Samuel_0528_02_2.png
2 Samuel;11;2;7;2_Samuel_0529_01.png
2 Samuel;11;8;15;2_Samuel_0529_02.png
2 Samuel;11;16;23;2_Samuel_0530_01.png
2 Samuel;11;24;27;2_Samuel_0530_02.png
2 Samuel;12;1;1;2_Samuel_0530_02_2.png
2 Samuel;12;2;8;2_Samuel_0531_01.png
2 Samuel;12;9;15;2_Samuel_0531_02.png
2 Samuel;12;16;23;2_Samuel_0532_01.png
2 Samuel;12;24;31;2_Samuel_0532_02.png
2 Samuel;12;31;31;2_Samuel_0533_01.png
2 Samuel;13;1;6;2_Samuel_0533_01_2.png
2 Samuel;13;7;14;2_Samuel_0533_02.png
2 Samuel;13;15;22;2_Samuel_0534_01.png
2 Samuel;13;23;30;2_Samuel_0534_02.png
2 Samuel;13;31;38;2_Samuel_0535_01.png
2 Samuel;13;39;39;2_Samuel_0535_02.png
2 Samuel;14;1;7;2_Samuel_0535_02_2.png
2 Samuel;14;8;14;2_Samuel_0536_01.png
2 Samuel;14;15;21;2_Samuel_0536_02.png
2 Samuel;14;22;30;2_Samuel_0537_01.png
2 Samuel;14;31;33;2_Samuel_0537_02.png
2 Samuel;15;1;3;2_Samuel_0537_02_2.png
2 Samuel;15;4;12;2_Samuel_0538_01.png
2 Samuel;15;13;19;2_Samuel_0538_02.png
2 Samuel;15;20;27;2_Samuel_0539_01.png
2 Samuel;15;28;35;2_Samuel_0539_02.png
2 Samuel;15;36;37;2_Samuel_0540_01.png
2 Samuel;16;1;3;2_Samuel_0540_01_2.png
2 Samuel;16;4;11;2_Samuel_0540_02.png
2 Samuel;16;12;21;2_Samuel_0541_01.png
2 Samuel;16;22;23;2_Samuel_0541_02.png
2 Samuel;17;1;4;2_Samuel_0541_02_2.png
2 Samuel;17;5;12;2_Samuel_0542_01.png
2 Samuel;17;13;19;2_Samuel_0542_02.png
2 Samuel;17;20;27;2_Samuel_0543_01.png
2 Samuel;17;28;29;2_Samuel_0543_02.png
2 Samuel;18;1;3;2_Samuel_0543_02_2.png
2 Samuel;18;4;11;2_Samuel_0544_01.png
2 Samuel;18;12;18;2_Samuel_0544_02.png
2 Samuel;18;19;27;2_Samuel_0545_01.png
2 Samuel;18;28;33;2_Samuel_0545_02.png
2 Samuel;19;1;1;2_Samuel_0545_02_2.png
2 Samuel;19;2;7;2_Samuel_0546_01.png
2 Samuel;19;8;13;2_Samuel_0546_02.png
2 Samuel;19;14;21;2_Samuel_0547_01.png
2 Samuel;19;22;28;2_Samuel_0547_02.png
2 Samuel;19;29;37;2_Samuel_0548_01.png
2 Samuel;19;38;43;2_Samuel_0548_02.png
2 Samuel;20;1;6;2_Samuel_0549_01.png
2 Samuel;20;7;12;2_Samuel_0549_02.png
2 Samuel;20;13;21;2_Samuel_0550_01.png
2 Samuel;20;22;26;2_Samuel_0550_02.png
2 Samuel;21;1;2;2_Samuel_0550_02_2.png
2 Samuel;21;3;8;2_Samuel_0551_01.png
2 Samuel;21;9;14;2_Samuel_0551_02.png
2 Samuel;21;15;22;2_Samuel_0552_01.png
2 Samuel;21;22;22;2_Samuel_0552_02.png
2 Samuel;22;1;7;2_Samuel_0552_02_2.png
2 Samuel;22;8;19;2_Samuel_0553_01.png
2 Samuel;22;20;31;2_Samuel_0553_02.png
2 Samuel;22;32;42;2_Samuel_0554_01.png
2 Samuel;22;43;51;2_Samuel_0554_02.png
2 Samuel;23;1;1;2_Samuel_0554_02_2.png
2 Samuel;23;2;8;2_Samuel_0555_01.png
2 Samuel;23;9;14;2_Samuel_0555_02.png
2 Samuel;23;15;21;2_Samuel_0556_01.png
2 Samuel;23;22;39;2_Samuel_0556_02.png
2 Samuel;24;1;7;2_Samuel_0557_01.png
2 Samuel;24;8;14;2_Samuel_0557_02.png
2 Samuel;24;15;20;2_Samuel_0558_01.png
2 Samuel;24;21;25;2_Samuel_0558_02.png
1 Reis;1;1;6;1 Reis_0559_01.png
1 Reis;1;7;12;1 Reis_0559_02.png
1 Reis;1;13;21;1 Reis_0560_01.png
1 Reis;1;22;30;1 Reis_0560_02.png
1 Reis;1;31;39;1 Reis_0561_01.png
1 Reis;1;40;47;1 Reis_0561_02.png
1 Reis;1;48;53;1 Reis_0562_01.png
1 Reis;2;1;1;1 Reis_0562_01_2.png
1 Reis;2;2;6;1 Reis_0562_02.png
1 Reis;2;7;15;1 Reis_0563_01.png
1 Reis;2;16;23;1 Reis_0563_02.png
1 Reis;2;24;29;1 Reis_0564_01.png
1 Reis;2;30;36;1 Reis_0564_02.png
1 Reis;2;37;43;1 Reis_0565_01.png
1 Reis;2;44;46;1 Reis_0565_02.png
1 Reis;3;1;3;1 Reis_0565_02_2.png
1 Reis;3;4;11;1 Reis_0566_01.png
1 Reis;3;12;18;1 Reis_0566_02.png
1 Reis;3;19;26;1 Reis_0567_01.png
1 Reis;3;27;28;1 Reis_0567_02.png
1 Reis;4;1;8;1 Reis_0567_02_2.png
1 Reis;4;9;19;1 Reis_0568_01.png
1 Reis;4;20;28;1 Reis_0568_02.png
1 Reis;4;29;34;1 Reis_0569_01.png
1 Reis;5;1;1;1 Reis_0569_01_2.png
1 Reis;5;2;8;1 Reis_0569_02.png
1 Reis;5;9;16;1 Reis_0570_01.png
1 Reis;5;17;18;1 Reis_0570_02.png
1 Reis;6;1;5;1 Reis_0570_02_2.png
1 Reis;6;6;13;1 Reis_0571_01.png
1 Reis;6;14;22;1 Reis_0571_02.png
1 Reis;6;23;32;1 Reis_0572_01.png
1 Reis;6;33;38;1 Reis_0572_02.png
1 Reis;7;1;1;1 Reis_0572_02_2.png
1 Reis;7;2;9;1 Reis_0573_01.png
1 Reis;7;10;17;1 Reis_0573_02.png
1 Reis;7;18;24;1 Reis_0574_01.png
1 Reis;7;25;31;1 Reis_0574_02.png
1 Reis;7;32;40;1 Reis_0575_01.png
1 Reis;7;41;49;1 Reis_0575_02.png
1 Reis;7;50;51;1 Reis_0576_01.png
1 Reis;8;1;2;1 Reis_0576_01_2.png
1 Reis;8;3;9;1 Reis_0576_02.png
1 Reis;8;10;18;1 Reis_0577_01.png
1 Reis;8;19;25;1 Reis_0577_02.png
1 Reis;8;26;32;1 Reis_0578_01.png
1 Reis;8;33;38;1 Reis_0578_02.png
1 Reis;8;39;44;1 Reis_0579_01.png
1 Reis;8;45;50;1 Reis_0579_02.png
1 Reis;8;51;57;1 Reis_0580_01.png
1 Reis;8;58;64;1 Reis_0580_02.png
1 Reis;8;65;66;1 Reis_0581_01.png
1 Reis;9;1;1;1 Reis_0581_01_2.png
1 Reis;9;2;8;1 Reis_0581_02.png
1 Reis;9;9;16;1 Reis_0582_01.png
1 Reis;9;17;24;1 Reis_0582_02.png
1 Reis;9;25;28;1 Reis_0583_01.png
1 Reis;10;1;3;1 Reis_0583_01_2.png
1 Reis;10;4;12;1 Reis_0583_02.png
1 Reis;10;13;20;1 Reis_0584_01.png
1 Reis;10;21;28;1 Reis_0584_02.png
1 Reis;10;29;29;1 Reis_0585_01.png
1 Reis;11;1;3;1 Reis_0585_01_2.png
1 Reis;11;4;11;1 Reis_0585_02.png
1 Reis;11;12;20;1 Reis_0586_01.png
1 Reis;11;21;28;1 Reis_0586_02.png
1 Reis;11;29;34;1 Reis_0587_01.png
1 Reis;11;35;41;1 Reis_0587_02.png
1 Reis;11;42;43;1 Reis_0588_01.png
1 Reis;12;1;6;1 Reis_0588_01_2.png
1 Reis;12;7;13;1 Reis_0588_02.png
1 Reis;12;14;20;1 Reis_0589_01.png
1 Reis;12;21;28;1 Reis_0589_02.png
1 Reis;12;29;33;1 Reis_0590_01.png
1 Reis;13;1;1;1 Reis_0590_01_2.png
1 Reis;13;2;7;1 Reis_0590_02.png
1 Reis;13;8;16;1 Reis_0591_01.png
1 Reis;13;17;25;1 Reis_0591_02.png
1 Reis;13;26;32;1 Reis_0592_01.png
1 Reis;13;33;34;1 Reis_0592_02.png
1 Reis;14;1;4;1 Reis_0592_02_2.png
1 Reis;14;5;10;1 Reis_0593_01.png
1 Reis;14;11;18;1 Reis_0593_02.png
1 Reis;14;19;25;1 Reis_0594_01.png
1 Reis;14;26;31;1 Reis_0594_02.png
1 Reis;15;1;1;1 Reis_0594_02_2.png
1 Reis;15;2;9;1 Reis_0595_01.png
1 Reis;15;10;18;1 Reis_0595_02.png
1 Reis;15;19;25;1 Reis_0596_01.png
1 Reis;15;26;34;1 Reis_0596_02.png
1 Reis;15;34;34;1 Reis_0597_01.png
1 Reis;16;1;7;1 Reis_0597_01_2.png
1 Reis;16;8;15;1 Reis_0597_02.png
1 Reis;16;16;23;1 Reis_0598_01.png
1 Reis;16;24;31;1 Reis_0598_02.png
1 Reis;16;32;34;1 Reis_0599_01.png
1 Reis;17;1;3;1 Reis_0599_01_2.png
1 Reis;17;4;12;1 Reis_0599_02.png
1 Reis;17;13;20;1 Reis_0600_01.png
1 Reis;17;21;24;1 Reis_0600_02.png
1 Reis;18;1;3;1 Reis_0600_02_2.png
1 Reis;18;4;12;1 Reis_0601_01.png
1 Reis;18;13;20;1 Reis_0601_02.png
1 Reis;18;21;27;1 Reis_0602_01.png
1 Reis;18;28;35;1 Reis_0602_02.png
1 Reis;18;36;43;1 Reis_0603_01.png
1 Reis;18;44;46;1 Reis_0603_02.png
1 Reis;19;1;3;1 Reis_0603_02_2.png
1 Reis;19;4;10;1 Reis_0604_01.png
1 Reis;19;11;16;1 Reis_0604_02.png
1 Reis;19;17;21;1 Reis_0605_01.png
1 Reis;20;1;1;1 Reis_0605_01_2.png
1 Reis;20;2;9;1 Reis_0605_02.png
1 Reis;20;10;17;1 Reis_0606_01.png
1 Reis;20;18;26;1 Reis_0606_02.png
1 Reis;20;27;32;1 Reis_0607_01.png
1 Reis;20;33;39;1 Reis_0607_02.png
1 Reis;20;40;43;1 Reis_0608_01.png
1 Reis;21;1;2;1 Reis_0608_01_2.png
1 Reis;21;3;9;1 Reis_0608_02.png
1 Reis;21;10;16;1 Reis_0609_01.png
1 Reis;21;17;24;1 Reis_0609_02.png
1 Reis;21;25;29;1 Reis_0610_01.png
1 Reis;22;1;1;1 Reis_0610_01_2.png
1 Reis;22;2;10;1 Reis_0610_02.png
1 Reis;22;11;17;1 Reis_0611_01.png
1 Reis;22;18;26;1 Reis_0611_02.png
1 Reis;22;27;35;1 Reis_0612_01.png
1 Reis;22;36;43;1 Reis_0612_02.png
1 Reis;22;44;49;1 Reis_0613_01.png
1 Reis;22;50;53;1 Reis_0613_02.png
2 Reis;1;1;1;2_Reis_0613_01.png
2 Reis;1;2;2;2_Reis_0613_02.png
2 Reis;1;3;10;2_Reis_0614_01.png
2 Reis;1;11;16;2_Reis_0614_02.png
2 Reis;1;17;18;2_Reis_0615_01.png
2 Reis;2;1;3;2_Reis_0615_01_2.png
2 Reis;2;4;11;2_Reis_0615_02.png
2 Reis;2;12;18;2_Reis_0616_01.png
2 Reis;2;19;25;2_Reis_0616_02.png
2 Reis;3;1;1;2_Reis_0616_02_2.png
2 Reis;3;2;9;2_Reis_0617_01.png
2 Reis;3;10;17;2_Reis_0617_02.png
2 Reis;3;18;25;2_Reis_0618_01.png
2 Reis;3;26;27;2_Reis_0618_02.png
2 Reis;4;1;3;2_Reis_0618_02_2.png
2 Reis;4;4;12;2_Reis_0619_01.png
2 Reis;4;13;22;2_Reis_0619_02.png
2 Reis;4;23;31;2_Reis_0620_01.png
2 Reis;4;32;39;2_Reis_0620_02.png
2 Reis;4;40;44;2_Reis_0621_01.png
2 Reis;5;1;1;2_Reis_0621_01_2.png
2 Reis;5;2;7;2_Reis_0621_02.png
2 Reis;5;8;14;2_Reis_0622_01.png
2 Reis;5;15;20;2_Reis_0622_02.png
2 Reis;5;21;27;2_Reis_0623_01.png
2 Reis;6;1;10;2_Reis_0623_02.png
2 Reis;6;11;18;2_Reis_0624_01.png
2 Reis;6;19;26;2_Reis_0624_02.png
2 Reis;6;27;33;2_Reis_0625_01.png
2 Reis;6;33;33;2_Reis_0625_02.png
2 Reis;7;1;4;2_Reis_0625_02_2.png
2 Reis;7;5;10;2_Reis_0626_01.png
2 Reis;7;11;17;2_Reis_0626_02.png
2 Reis;7;18;20;2_Reis_0627_01.png
2 Reis;8;1;3;2_Reis_0627_01_2.png
2 Reis;8;4;9;2_Reis_0627_02.png
2 Reis;8;10;17;2_Reis_0628_01.png
2 Reis;8;18;27;2_Reis_0628_02.png
2 Reis;8;28;29;2_Reis_0629_01.png
2 Reis;9;1;5;2_Reis_0629_01_2.png
2 Reis;9;6;13;2_Reis_0629_02.png
2 Reis;9;14;20;2_Reis_0630_01.png
2 Reis;9;21;27;2_Reis_0630_02.png
2 Reis;9;28;37;2_Reis_0631_01.png
2 Reis;9;37;37;2_Reis_0631_02.png
2 Reis;10;1;6;2_Reis_0631_02_2.png
2 Reis;10;7;13;2_Reis_0632_01.png
2 Reis;10;14;21;2_Reis_0632_02.png
2 Reis;10;22;28;2_Reis_0633_01.png
2 Reis;10;29;36;2_Reis_0633_02.png
2 Reis;11;1;7;2_Reis_0634_01.png
2 Reis;11;8;15;2_Reis_0634_02.png
2 Reis;11;16;21;2_Reis_0635_01.png
2 Reis;12;1;1;2_Reis_0635_01_2.png
2 Reis;12;2;8;2_Reis_0635_02.png
2 Reis;12;9;15;2_Reis_0636_01.png
2 Reis;12;16;21;2_Reis_0636_02.png
2 Reis;13;1;1;2_Reis_0636_02_2.png
2 Reis;13;2;8;2_Reis_0637_01.png
2 Reis;13;9;17;2_Reis_0637_02.png
2 Reis;13;18;25;2_Reis_0638_01.png
2 Reis;13;25;25;2_Reis_0638_02.png
2 Reis;14;1;7;2_Reis_0638_02_2.png
2 Reis;14;8;15;2_Reis_0639_01.png
2 Reis;14;16;24;2_Reis_0639_02.png
2 Reis;14;25;29;2_Reis_0640_01.png
2 Reis;15;1;2;2_Reis_0640_01_2.png
2 Reis;15;3;11;2_Reis_0640_02.png
2 Reis;15;12;20;2_Reis_0641_01.png
2 Reis;15;21;29;2_Reis_0641_02.png
2 Reis;15;30;37;2_Reis_0642_01.png
2 Reis;15;38;38;2_Reis_0642_02.png
2 Reis;16;1;6;2_Reis_0642_02_2.png
2 Reis;16;7;13;2_Reis_0643_01.png
2 Reis;16;14;20;2_Reis_0643_02.png
2 Reis;17;1;6;2_Reis_0644_01.png
2 Reis;17;7;13;2_Reis_0644_02.png
2 Reis;17;14;20;2_Reis_0645_01.png
2 Reis;17;21;26;2_Reis_0645_02.png
2 Reis;17;27;34;2_Reis_0646_01.png
2 Reis;17;35;41;2_Reis_0646_02.png
2 Reis;18;1;1;2_Reis_0646_02_2.png
2 Reis;18;2;8;2_Reis_0647_01.png
2 Reis;18;9;15;2_Reis_0647_02.png
2 Reis;18;16;22;2_Reis_0648_01.png
2 Reis;18;23;30;2_Reis_0648_02.png
2 Reis;18;31;37;2_Reis_0649_01.png
2 Reis;19;1;6;2_Reis_0649_02.png
2 Reis;19;7;15;2_Reis_0650_01.png
2 Reis;19;16;23;2_Reis_0650_02.png
2 Reis;19;24;31;2_Reis_0651_01.png
2 Reis;19;32;37;2_Reis_0651_02.png
2 Reis;20;1;1;2_Reis_0651_02_2.png
2 Reis;20;2;8;2_Reis_0652_01.png
2 Reis;20;9;14;2_Reis_0652_02.png
2 Reis;20;15;21;2_Reis_0653_01.png
2 Reis;21;1;1;2_Reis_0653_01_2.png
2 Reis;21;2;7;2_Reis_0653_02.png
2 Reis;21;8;15;2_Reis_0654_01.png
2 Reis;21;16;23;2_Reis_0654_02.png
2 Reis;21;24;26;2_Reis_0655_01.png
2 Reis;22;1;4;2_Reis_0655_01_2.png
2 Reis;22;5;12;2_Reis_0655_02.png
2 Reis;22;13;19;2_Reis_0656_01.png
2 Reis;22;20;20;2_Reis_0656_02.png
2 Reis;23;1;3;2_Reis_0656_02_2.png
2 Reis;23;4;8;2_Reis_0657_01.png
2 Reis;23;9;13;2_Reis_0657_02.png
2 Reis;23;14;19;2_Reis_0658_01.png
2 Reis;23;20;26;2_Reis_0658_02.png
2 Reis;23;27;34;2_Reis_0659_01.png
2 Reis;23;35;37;2_Reis_0659_02.png
2 Reis;24;1;2;2_Reis_0659_02_2.png
2 Reis;24;3;11;2_Reis_0660_01.png
2 Reis;24;12;18;2_Reis_0660_02.png
2 Reis;24;19;20;2_Reis_0661_01.png
2 Reis;25;1;4;2_Reis_0661_01_2.png
2 Reis;25;5;12;2_Reis_0661_02.png
2 Reis;25;13;19;2_Reis_0662_01.png
2 Reis;25;20;25;2_Reis_0662_02.png
2 Reis;25;26;27;2_Reis_0663_01.png
2 Reis;25;28;30;2_Reis_0663_02.png
1 Crônicas;1;1;7;1_Cronicas_0663_01.png
1 Crônicas;1;8;14;1_Cronicas_0663_02.png
1 Crônicas;1;15;33;1_Cronicas_0664_01.png
1 Crônicas;1;34;46;1_Cronicas_0664_02.png
1 Crônicas;1;47;54;1_Cronicas_0665_01.png
1 Crônicas;2;1;1;1_Cronicas_0665_01_2.png
1 Crônicas;2;2;16;1_Cronicas_0665_02.png
1 Crônicas;2;17;27;1_Cronicas_0666_01.png
1 Crônicas;2;28;42;1_Cronicas_0666_02.png
1 Crônicas;2;43;55;1_Cronicas_0667_01.png
1 Crônicas;2;55;55;1_Cronicas_0667_02.png
1 Crônicas;3;1;10;1_Cronicas_0667_02_2.png
1 Crônicas;3;11;24;1_Cronicas_0668_01.png
1 Crônicas;4;1;10;1_Cronicas_0668_02.png
1 Crônicas;4;11;22;1_Cronicas_0669_01.png
1 Crônicas;4;23;35;1_Cronicas_0669_02.png
1 Crônicas;4;36;43;1_Cronicas_0670_01.png
1 Crônicas;5;1;1;1_Cronicas_0670_01_2.png
1 Crônicas;5;2;9;1_Cronicas_0670_02.png
1 Crônicas;5;10;18;1_Cronicas_0671_01.png
1 Crônicas;5;19;26;1_Cronicas_0671_02.png
1 Crônicas;5;26;26;1_Cronicas_0672_01.png
1 Crônicas;6;1;10;1_Cronicas_0672_01_2.png
1 Crônicas;6;11;26;1_Cronicas_0672_02.png
1 Crônicas;6;27;40;1_Cronicas_0673_01.png
1 Crônicas;6;41;54;1_Cronicas_0673_02.png
1 Crônicas;6;55;65;1_Cronicas_0674_01.png
1 Crônicas;6;66;76;1_Cronicas_0674_02.png
1 Crônicas;6;77;81;1_Cronicas_0675_01.png
1 Crônicas;7;1;4;1_Cronicas_0675_01_2.png
1 Crônicas;7;5;13;1_Cronicas_0675_02.png
1 Crônicas;7;14;24;1_Cronicas_0676_01.png
1 Crônicas;7;25;38;1_Cronicas_0676_02.png
1 Crônicas;7;39;40;1_Cronicas_0677_01.png
1 Crônicas;8;1;12;1_Cronicas_0677_01_2.png
1 Crônicas;8;13;33;1_Cronicas_0677_02.png
1 Crônicas;8;34;40;1_Cronicas_0678_01.png
1 Crônicas;9;1;1;1_Cronicas_0678_01_2.png
1 Crônicas;9;2;12;1_Cronicas_0678_02.png
1 Crônicas;9;13;22;1_Cronicas_0679_01.png
1 Crônicas;9;23;31;1_Cronicas_0679_02.png
1 Crônicas;9;32;42;1_Cronicas_0680_01.png
1 Crônicas;9;43;44;1_Cronicas_0680_02.png
1 Crônicas;10;1;5;1_Cronicas_0680_02_2.png
1 Crônicas;10;6;13;1_Cronicas_0681_01.png
1 Crônicas;10;14;14;1_Cronicas_0681_02.png
1 Crônicas;11;1;7;1_Cronicas_0681_02_2.png
1 Crônicas;11;8;17;1_Cronicas_0682_01.png
1 Crônicas;11;18;24;1_Cronicas_0682_02.png
1 Crônicas;11;25;42;1_Cronicas_0683_01.png
1 Crônicas;11;43;47;1_Cronicas_0683_02.png
1 Crônicas;12;1;5;1_Cronicas_0683_02_2.png
1 Crônicas;12;6;17;1_Cronicas_0684_01.png
1 Crônicas;12;18;24;1_Cronicas_0684_02.png
1 Crônicas;12;25;35;1_Cronicas_0685_01.png
1 Crônicas;12;36;40;1_Cronicas_0685_02.png
1 Crônicas;13;1;1;1_Cronicas_0685_02_2.png
1 Crônicas;13;2;9;1_Cronicas_0686_01.png
1 Crônicas;13;10;14;1_Cronicas_0686_02.png
1 Crônicas;14;1;3;1_Cronicas_0686_02_2.png
1 Crônicas;14;4;14;1_Cronicas_0687_01.png
1 Crônicas;14;15;17;1_Cronicas_0687_02.png
1 Crônicas;15;1;5;1_Cronicas_0687_02_2.png
1 Crônicas;15;6;16;1_Cronicas_0688_01.png
1 Crônicas;15;17;25;1_Cronicas_0688_02.png
1 Crônicas;15;26;29;1_Cronicas_0689_01.png
1 Crônicas;16;1;1;1_Cronicas_0689_01_2.png
1 Crônicas;16;2;10;1_Cronicas_0689_02.png
1 Crônicas;16;11;23;1_Cronicas_0690_01.png
1 Crônicas;16;24;35;1_Cronicas_0690_02.png
1 Crônicas;16;36;43;1_Cronicas_0691_01.png
1 Crônicas;16;43;43;1_Cronicas_0691_02.png
1 Crônicas;17;1;7;1_Cronicas_0691_02_2.png
1 Crônicas;17;8;16;1_Cronicas_0692_01.png
1 Crônicas;17;17;24;1_Cronicas_0692_02.png
1 Crônicas;17;25;27;1_Cronicas_0693_01.png
1 Crônicas;18;1;5;1_Cronicas_0693_01_2.png
1 Crônicas;18;6;13;1_Cronicas_0693_02.png
1 Crônicas;18;14;17;1_Cronicas_0694_01.png
1 Crônicas;19;1;3;1_Cronicas_0694_01_2.png
1 Crônicas;19;4;10;1_Cronicas_0694_02.png
1 Crônicas;19;11;18;1_Cronicas_0695_01.png
1 Crônicas;19;19;19;1_Cronicas_0695_02.png
1 Crônicas;20;1;4;1_Cronicas_0695_02_2.png
1 Crônicas;20;5;8;1_Cronicas_0696_01.png
1 Crônicas;21;1;3;1_Cronicas_0696_01_2.png
1 Crônicas;21;4;12;1_Cronicas_0696_02.png
1 Crônicas;21;13;18;1_Cronicas_0697_01.png
1 Crônicas;21;19;27;1_Cronicas_0697_02.png
1 Crônicas;21;28;30;1_Cronicas_0698_01.png
1 Crônicas;22;1;4;1_Cronicas_0698_01_2.png
1 Crônicas;22;5;11;1_Cronicas_0698_02.png
1 Crônicas;22;12;18;1_Cronicas_0699_01.png
1 Crônicas;22;19;19;1_Cronicas_0699_02.png
1 Crônicas;23;1;7;1_Cronicas_0699_02_2.png
1 Crônicas;23;8;19;1_Cronicas_0700_01.png
1 Crônicas;23;20;29;1_Cronicas_0700_02.png
1 Crônicas;23;30;32;1_Cronicas_0701_01.png
1 Crônicas;24;1;3;1_Cronicas_0701_01_2.png
1 Crônicas;24;4;14;1_Cronicas_0701_02.png
1 Crônicas;24;15;31;1_Cronicas_0702_01.png
1 Crônicas;24;31;31;1_Cronicas_0702_02.png
1 Crônicas;25;1;5;1_Cronicas_0702_02_2.png
1 Crônicas;25;6;19;1_Cronicas_0703_01.png
1 Crônicas;25;20;31;1_Cronicas_0703_02.png
1 Crônicas;26;1;2;1_Cronicas_0703_02_2.png
1 Crônicas;26;3;13;1_Cronicas_0704_01.png
1 Crônicas;26;14;25;1_Cronicas_0704_02.png
1 Crônicas;26;26;32;1_Cronicas_0705_01.png
1 Crônicas;26;32;32;1_Cronicas_0705_02.png
1 Crônicas;27;1;5;1_Cronicas_0705_02_2.png
1 Crônicas;27;6;16;1_Cronicas_0706_01.png
1 Crônicas;27;17;26;1_Cronicas_0706_02.png
1 Crônicas;27;27;34;1_Cronicas_0707_01.png
1 Crônicas;28;1;1;1_Cronicas_0707_01_2.png
1 Crônicas;28;2;5;1_Cronicas_0707_02.png
1 Crônicas;28;6;12;1_Cronicas_0708_01.png
1 Crônicas;28;13;19;1_Cronicas_0708_02.png
1 Crônicas;28;20;21;1_Cronicas_0709_01.png
1 Crônicas;29;1;2;1_Cronicas_0709_01_2.png
1 Crônicas;29;3;8;1_Cronicas_0709_02.png
1 Crônicas;29;9;16;1_Cronicas_0710_01.png
1 Crônicas;29;17;22;1_Cronicas_0710_02.png
1 Crônicas;29;23;26;1_Cronicas_0711_01.png
1 Crônicas;29;27;30;1_Cronicas_0711_02.png
Provérbios;1;1;5;Proverbios_0992_01.png
Provérbios;1;6;11;Proverbios_0992_02.png
Provérbios;1;12;22;Proverbios_0993_01.png
Provérbios;1;23;33;Proverbios_0993_02.png
Provérbios;2;1;12;Proverbios_0994_01.png
Provérbios;2;13;22;Proverbios_0994_02.png
Provérbios;3;1;1;Proverbios_0994_02_2.png
Provérbios;3;2;10;Proverbios_0995_01.png
Provérbios;3;11;21;Proverbios_0995_02.png
Provérbios;3;22;35;Proverbios_0996_01.png
Provérbios;3;35;35;Proverbios_0996_02.png
Provérbios;4;1;10;Proverbios_0996_02_2.png
Provérbios;4;11;23;Proverbios_0997_01.png
Provérbios;4;24;27;Proverbios_0997_02.png
Provérbios;5;1;6;Proverbios_0997_02_2.png
Provérbios;5;7;20;Proverbios_0998_01.png
Provérbios;5;21;23;Proverbios_0998_02.png
Provérbios;6;1;7;Proverbios_0998_02_2.png
Provérbios;6;8;21;Proverbios_0999_01.png
Provérbios;6;22;32;Proverbios_0999_02.png
Provérbios;6;33;35;Proverbios_1000_01.png
Provérbios;7;1;8;Proverbios_1000_01_2.png
Provérbios;7;9;22;Proverbios_1000_02.png
Provérbios;7;23;27;Proverbios_1001_01.png
Provérbios;8;1;6;Proverbios_1001_01_2.png
Provérbios;8;7;18;Proverbios_1001_02.png
Provérbios;8;19;30;Proverbios_1002_01.png
Provérbios;8;31;36;Proverbios_1002_02.png
Provérbios;9;1;6;Proverbios_1002_02_2.png
Provérbios;9;7;18;Proverbios_1003_01.png
Provérbios;9;18;18;Proverbios_1003_02.png
Provérbios;10;1;10;Proverbios_1003_02_2.png
Provérbios;10;11;23;Proverbios_1004_01.png
Provérbios;10;24;32;Proverbios_1004_02.png
Provérbios;11;1;1;Proverbios_1004_02_2.png
Provérbios;11;2;15;Proverbios_1005_01.png
Provérbios;11;16;27;Proverbios_1005_02.png
Provérbios;11;28;31;Proverbios_1006_01.png
Provérbios;12;1;6;Proverbios_1006_01_2.png
Provérbios;12;7;18;Proverbios_1006_02.png
Provérbios;12;19;28;Proverbios_1007_01.png
Provérbios;13;1;1;Proverbios_1007_01_2.png
Provérbios;13;2;13;Proverbios_1007_02.png
Provérbios;13;14;25;Proverbios_1008_01.png
Provérbios;14;1;11;Proverbios_1008_02.png
Provérbios;14;12;24;Proverbios_1009_01.png
Provérbios;14;25;35;Proverbios_1009_02.png
Provérbios;15;1;11;Proverbios_1010_01.png
Provérbios;15;12;22;Proverbios_1010_02.png
Provérbios;15;23;33;Proverbios_1011_01.png
Provérbios;16;1;10;Proverbios_1011_02.png
Provérbios;16;11;22;Proverbios_1012_01.png
Provérbios;16;23;33;Proverbios_1012_02.png
Provérbios;17;1;10;Proverbios_1013_01.png
Provérbios;17;11;21;Proverbios_1013_02.png
Provérbios;17;22;28;Proverbios_1014_01.png
Provérbios;18;1;2;Proverbios_1014_01_2.png
Provérbios;18;3;15;Proverbios_1014_02.png
Provérbios;18;16;24;Proverbios_1015_01.png
Provérbios;19;1;1;Proverbios_1015_01_2.png
Provérbios;19;2;12;Proverbios_1015_02.png
Provérbios;19;13;23;Proverbios_1016_01.png
Provérbios;19;24;29;Proverbios_1016_02.png
Provérbios;20;1;4;Proverbios_1016_02_2.png
Provérbios;20;5;16;Proverbios_1017_01.png
Provérbios;20;17;28;Proverbios_1017_02.png
Provérbios;20;29;30;Proverbios_1018_01.png
Provérbios;21;1;8;Proverbios_1018_01_2.png
Provérbios;21;9;21;Proverbios_1018_02.png
Provérbios;21;22;31;Proverbios_1019_01.png
Provérbios;22;1;1;Proverbios_1019_01_2.png
Provérbios;22;2;12;Proverbios_1019_02.png
Provérbios;22;13;24;Proverbios_1020_01.png
Provérbios;22;25;29;Proverbios_1020_02.png
Provérbios;23;1;5;Proverbios_1020_02_2.png
Provérbios;23;6;18;Proverbios_1021_01.png
Provérbios;23;19;31;Proverbios_1021_02.png
Provérbios;23;32;35;Proverbios_1022_01.png
Provérbios;24;1;6;Proverbios_1022_01_2.png
Provérbios;24;7;17;Proverbios_1022_02.png
Provérbios;24;18;30;Proverbios_1023_01.png
Provérbios;24;31;34;Proverbios_1023_02.png
Provérbios;25;1;5;Proverbios_1023_02_2.png
Provérbios;25;6;17;Proverbios_1024_01.png
Provérbios;25;18;28;Proverbios_1024_02.png
Provérbios;26;1;1;Proverbios_1024_02_2.png
Provérbios;26;2;12;Proverbios_1025_01.png
Provérbios;26;13;25;Proverbios_1025_02.png
Provérbios;26;26;28;Proverbios_1026_01.png
Provérbios;27;1;8;Proverbios_1026_01_2.png
Provérbios;27;9;20;Proverbios_1026_02.png
Provérbios;27;21;27;Proverbios_1027_01.png
Provérbios;28;1;2;Proverbios_1027_01_2.png
Provérbios;28;3;13;Proverbios_1027_02.png
Provérbios;28;14;24;Proverbios_1028_01.png
Provérbios;28;25;28;Proverbios_1028_02.png
Provérbios;29;1;6;Proverbios_1028_02_2.png
Provérbios;29;7;18;Proverbios_1029_01.png
Provérbios;29;19;27;Proverbios_1029_02.png
Provérbios;30;1;2;Proverbios_1029_02_2.png
Provérbios;30;3;14;Proverbios_1030_01.png
Provérbios;30;15;25;Proverbios_1030_02.png
Provérbios;30;26;33;Proverbios_1031_01.png
Provérbios;31;1;5;Proverbios_1031_01_2.png
Provérbios;31;6;19;Proverbios_1031_02.png
Provérbios;31;20;26;Proverbios_1032_01.png
Provérbios;31;27;31;Proverbios_1032_02.png
